index1,index,fixed acidity,volatile acidity,citric acid,residual sugar,chlorides,free sulfur dioxide,total sulfur dioxide,pH,sulphates,alcohol,quality,quality rating
0,0,7.4,0.7,0,1.9,0.076,11,34,3.51,0.56,9.4,5,2
1,1,7.8,0.88,0,2.6,0.098,25,67,3.2,0.68,9.8,5,2
2,2,7.8,0.76,0.04,2.3,0.092,15,54,3.26,0.65,9.8,5,2
3,3,11.2,0.28,0.56,1.9,0.075,17,60,3.16,0.58,9.8,6,2
4,4,7.4,0.7,0,1.9,0.076,11,34,3.51,0.56,9.4,5,2
5,5,7.4,0.66,0,1.8,0.075,13,40,3.51,0.56,9.4,5,2
6,6,7.9,0.6,0.06,1.6,0.069,15,59,3.3,0.46,9.4,5,2
7,7,7.3,0.65,0,1.2,0.065,15,21,3.39,0.47,10,7,3
8,8,7.8,0.58,0.02,2,0.073,9,18,3.36,0.57,9.5,7,3
9,9,7.5,0.5,0.36,6.1,0.071,17,102,3.35,0.8,10.5,5,2
10,10,6.7,0.58,0.08,1.8,0.097,15,65,3.28,0.54,9.2,5,2
11,11,7.5,0.5,0.36,6.1,0.071,17,102,3.35,0.8,10.5,5,2
12,12,5.6,0.615,0,1.6,0.089,16,59,3.58,0.52,9.9,5,2
13,13,7.8,0.61,0.29,1.6,0.114,9,29,3.26,1.56,9.1,5,2
14,14,8.9,0.62,0.18,3.8,0.176,52,145,3.16,0.88,9.2,5,2
15,15,8.9,0.62,0.19,3.9,0.17,51,148,3.17,0.93,9.2,5,2
16,16,8.5,0.28,0.56,1.8,0.092,35,103,3.3,0.75,10.5,7,3
17,17,8.1,0.56,0.28,1.7,0.368,16,56,3.11,1.28,9.3,5,2
18,18,7.4,0.59,0.08,4.4,0.086,6,29,3.38,0.5,9,4,1
19,19,7.9,0.32,0.51,1.8,0.341,17,56,3.04,1.08,9.2,6,2
20,20,8.9,0.22,0.48,1.8,0.077,29,60,3.39,0.53,9.4,6,2
21,21,7.6,0.39,0.31,2.3,0.082,23,71,3.52,0.65,9.7,5,2
22,22,7.9,0.43,0.21,1.6,0.106,10,37,3.17,0.91,9.5,5,2
23,23,8.5,0.49,0.11,2.3,0.084,9,67,3.17,0.53,9.4,5,2
24,24,6.9,0.4,0.14,2.4,0.085,21,40,3.43,0.63,9.7,6,2
25,25,6.3,0.39,0.16,1.4,0.08,11,23,3.34,0.56,9.3,5,2
26,26,7.6,0.41,0.24,1.8,0.08,4,11,3.28,0.59,9.5,5,2
27,27,7.9,0.43,0.21,1.6,0.106,10,37,3.17,0.91,9.5,5,2
28,28,7.1,0.71,0,1.9,0.08,14,35,3.47,0.55,9.4,5,2
29,29,7.8,0.645,0,2,0.082,8,16,3.38,0.59,9.8,6,2
30,30,6.7,0.675,0.07,2.4,0.089,17,82,3.35,0.54,10.1,5,2
31,31,6.9,0.685,0,2.5,0.105,22,37,3.46,0.57,10.6,6,2
32,32,8.3,0.655,0.12,2.3,0.083,15,113,3.17,0.66,9.8,5,2
33,33,6.9,0.605,0.12,10.7,0.073,40,83,3.45,0.52,9.4,6,2
34,34,5.2,0.32,0.25,1.8,0.103,13,50,3.38,0.55,9.2,5,2
35,35,7.8,0.645,0,5.5,0.086,5,18,3.4,0.55,9.6,6,2
36,36,7.8,0.6,0.14,2.4,0.086,3,15,3.42,0.6,10.8,6,2
37,37,8.1,0.38,0.28,2.1,0.066,13,30,3.23,0.73,9.7,7,3
38,38,5.7,1.13,0.09,1.5,0.172,7,19,3.5,0.48,9.8,4,1
39,39,7.3,0.45,0.36,5.9,0.074,12,87,3.33,0.83,10.5,5,2
40,40,7.3,0.45,0.36,5.9,0.074,12,87,3.33,0.83,10.5,5,2
41,41,8.8,0.61,0.3,2.8,0.088,17,46,3.26,0.51,9.3,4,1
42,42,7.5,0.49,0.2,2.6,0.332,8,14,3.21,0.9,10.5,6,2
43,43,8.1,0.66,0.22,2.2,0.069,9,23,3.3,1.2,10.3,5,2
44,44,6.8,0.67,0.02,1.8,0.05,5,11,3.48,0.52,9.5,5,2
45,45,4.6,0.52,0.15,2.1,0.054,8,65,3.9,0.56,13.1,4,1
46,46,7.7,0.935,0.43,2.2,0.114,22,114,3.25,0.73,9.2,5,2
47,47,8.7,0.29,0.52,1.6,0.113,12,37,3.25,0.58,9.5,5,2
48,48,6.4,0.4,0.23,1.6,0.066,5,12,3.34,0.56,9.2,5,2
49,49,5.6,0.31,0.37,1.4,0.074,12,96,3.32,0.58,9.2,5,2
50,50,8.8,0.66,0.26,1.7,0.074,4,23,3.15,0.74,9.2,5,2
51,51,6.6,0.52,0.04,2.2,0.069,8,15,3.4,0.63,9.4,6,2
52,52,6.6,0.5,0.04,2.1,0.068,6,14,3.39,0.64,9.4,6,2
53,53,8.6,0.38,0.36,3,0.081,30,119,3.2,0.56,9.4,5,2
54,54,7.6,0.51,0.15,2.8,0.11,33,73,3.17,0.63,10.2,6,2
55,55,7.7,0.62,0.04,3.8,0.084,25,45,3.34,0.53,9.5,5,2
56,56,10.2,0.42,0.57,3.4,0.07,4,10,3.04,0.63,9.6,5,2
57,57,7.5,0.63,0.12,5.1,0.111,50,110,3.26,0.77,9.4,5,2
58,58,7.8,0.59,0.18,2.3,0.076,17,54,3.43,0.59,10,5,2
59,59,7.3,0.39,0.31,2.4,0.074,9,46,3.41,0.54,9.4,6,2
60,60,8.8,0.4,0.4,2.2,0.079,19,52,3.44,0.64,9.2,5,2
61,61,7.7,0.69,0.49,1.8,0.115,20,112,3.21,0.71,9.3,5,2
62,62,7.5,0.52,0.16,1.9,0.085,12,35,3.38,0.62,9.5,7,3
63,63,7,0.735,0.05,2,0.081,13,54,3.39,0.57,9.8,5,2
64,64,7.2,0.725,0.05,4.65,0.086,4,11,3.41,0.39,10.9,5,2
65,65,7.2,0.725,0.05,4.65,0.086,4,11,3.41,0.39,10.9,5,2
66,66,7.5,0.52,0.11,1.5,0.079,11,39,3.42,0.58,9.6,5,2
67,67,6.6,0.705,0.07,1.6,0.076,6,15,3.44,0.58,10.7,5,2
68,68,9.3,0.32,0.57,2,0.074,27,65,3.28,0.79,10.7,5,2
69,69,8,0.705,0.05,1.9,0.074,8,19,3.34,0.95,10.5,6,2
70,70,7.7,0.63,0.08,1.9,0.076,15,27,3.32,0.54,9.5,6,2
71,71,7.7,0.67,0.23,2.1,0.088,17,96,3.32,0.48,9.5,5,2
72,72,7.7,0.69,0.22,1.9,0.084,18,94,3.31,0.48,9.5,5,2
73,73,8.3,0.675,0.26,2.1,0.084,11,43,3.31,0.53,9.2,4,1
74,74,9.7,0.32,0.54,2.5,0.094,28,83,3.28,0.82,9.6,5,2
75,75,8.8,0.41,0.64,2.2,0.093,9,42,3.54,0.66,10.5,5,2
76,76,8.8,0.41,0.64,2.2,0.093,9,42,3.54,0.66,10.5,5,2
77,77,6.8,0.785,0,2.4,0.104,14,30,3.52,0.55,10.7,6,2
78,78,6.7,0.75,0.12,2,0.086,12,80,3.38,0.52,10.1,5,2
79,79,8.3,0.625,0.2,1.5,0.08,27,119,3.16,1.12,9.1,4,1
80,80,6.2,0.45,0.2,1.6,0.069,3,15,3.41,0.56,9.2,5,2
81,81,7.8,0.43,0.7,1.9,0.464,22,67,3.13,1.28,9.4,5,2
82,82,7.4,0.5,0.47,2,0.086,21,73,3.36,0.57,9.1,5,2
83,83,7.3,0.67,0.26,1.8,0.401,16,51,3.16,1.14,9.4,5,2
84,84,6.3,0.3,0.48,1.8,0.069,18,61,3.44,0.78,10.3,6,2
85,85,6.9,0.55,0.15,2.2,0.076,19,40,3.41,0.59,10.1,5,2
86,86,8.6,0.49,0.28,1.9,0.11,20,136,2.93,1.95,9.9,6,2
87,87,7.7,0.49,0.26,1.9,0.062,9,31,3.39,0.64,9.6,5,2
88,88,9.3,0.39,0.44,2.1,0.107,34,125,3.14,1.22,9.5,5,2
89,89,7,0.62,0.08,1.8,0.076,8,24,3.48,0.53,9,5,2
90,90,7.9,0.52,0.26,1.9,0.079,42,140,3.23,0.54,9.5,5,2
91,91,8.6,0.49,0.28,1.9,0.11,20,136,2.93,1.95,9.9,6,2
92,92,8.6,0.49,0.29,2,0.11,19,133,2.93,1.98,9.8,5,2
93,93,7.7,0.49,0.26,1.9,0.062,9,31,3.39,0.64,9.6,5,2
94,94,5,1.02,0.04,1.4,0.045,41,85,3.75,0.48,10.5,4,1
95,95,4.7,0.6,0.17,2.3,0.058,17,106,3.85,0.6,12.9,6,2
96,96,6.8,0.775,0,3,0.102,8,23,3.45,0.56,10.7,5,2
97,97,7,0.5,0.25,2,0.07,3,22,3.25,0.63,9.2,5,2
98,98,7.6,0.9,0.06,2.5,0.079,5,10,3.39,0.56,9.8,5,2
99,99,8.1,0.545,0.18,1.9,0.08,13,35,3.3,0.59,9,6,2
100,100,8.3,0.61,0.3,2.1,0.084,11,50,3.4,0.61,10.2,6,2
101,101,7.8,0.5,0.3,1.9,0.075,8,22,3.31,0.56,10.4,6,2
102,102,8.1,0.545,0.18,1.9,0.08,13,35,3.3,0.59,9,6,2
103,103,8.1,0.575,0.22,2.1,0.077,12,65,3.29,0.51,9.2,5,2
104,104,7.2,0.49,0.24,2.2,0.07,5,36,3.33,0.48,9.4,5,2
105,105,8.1,0.575,0.22,2.1,0.077,12,65,3.29,0.51,9.2,5,2
106,106,7.8,0.41,0.68,1.7,0.467,18,69,3.08,1.31,9.3,5,2
107,107,6.2,0.63,0.31,1.7,0.088,15,64,3.46,0.79,9.3,5,2
108,108,8,0.33,0.53,2.5,0.091,18,80,3.37,0.8,9.6,6,2
109,109,8.1,0.785,0.52,2,0.122,37,153,3.21,0.69,9.3,5,2
110,110,7.8,0.56,0.19,1.8,0.104,12,47,3.19,0.93,9.5,5,2
111,111,8.4,0.62,0.09,2.2,0.084,11,108,3.15,0.66,9.8,5,2
112,112,8.4,0.6,0.1,2.2,0.085,14,111,3.15,0.66,9.8,5,2
113,113,10.1,0.31,0.44,2.3,0.08,22,46,3.32,0.67,9.7,6,2
114,114,7.8,0.56,0.19,1.8,0.104,12,47,3.19,0.93,9.5,5,2
115,115,9.4,0.4,0.31,2.2,0.09,13,62,3.07,0.63,10.5,6,2
116,116,8.3,0.54,0.28,1.9,0.077,11,40,3.39,0.61,10,6,2
117,117,7.8,0.56,0.12,2,0.082,7,28,3.37,0.5,9.4,6,2
118,118,8.8,0.55,0.04,2.2,0.119,14,56,3.21,0.6,10.9,6,2
119,119,7,0.69,0.08,1.8,0.097,22,89,3.34,0.54,9.2,6,2
120,120,7.3,1.07,0.09,1.7,0.178,10,89,3.3,0.57,9,5,2
121,121,8.8,0.55,0.04,2.2,0.119,14,56,3.21,0.6,10.9,6,2
122,122,7.3,0.695,0,2.5,0.075,3,13,3.49,0.52,9.2,5,2
123,123,8,0.71,0,2.6,0.08,11,34,3.44,0.53,9.5,5,2
124,124,7.8,0.5,0.17,1.6,0.082,21,102,3.39,0.48,9.5,5,2
125,125,9,0.62,0.04,1.9,0.146,27,90,3.16,0.7,9.4,5,2
126,126,8.2,1.33,0,1.7,0.081,3,12,3.53,0.49,10.9,5,2
127,127,8.1,1.33,0,1.8,0.082,3,12,3.54,0.48,10.9,5,2
128,128,8,0.59,0.16,1.8,0.065,3,16,3.42,0.92,10.5,7,3
129,129,6.1,0.38,0.15,1.8,0.072,6,19,3.42,0.57,9.4,5,2
130,130,8,0.745,0.56,2,0.118,30,134,3.24,0.66,9.4,5,2
131,131,5.6,0.5,0.09,2.3,0.049,17,99,3.63,0.63,13,5,2
132,132,5.6,0.5,0.09,2.3,0.049,17,99,3.63,0.63,13,5,2
133,133,6.6,0.5,0.01,1.5,0.06,17,26,3.4,0.58,9.8,6,2
134,134,7.9,1.04,0.05,2.2,0.084,13,29,3.22,0.55,9.9,6,2
135,135,8.4,0.745,0.11,1.9,0.09,16,63,3.19,0.82,9.6,5,2
136,136,8.3,0.715,0.15,1.8,0.089,10,52,3.23,0.77,9.5,5,2
137,137,7.2,0.415,0.36,2,0.081,13,45,3.48,0.64,9.2,5,2
138,138,7.8,0.56,0.19,2.1,0.081,15,105,3.33,0.54,9.5,5,2
139,139,7.8,0.56,0.19,2,0.081,17,108,3.32,0.54,9.5,5,2
140,140,8.4,0.745,0.11,1.9,0.09,16,63,3.19,0.82,9.6,5,2
141,141,8.3,0.715,0.15,1.8,0.089,10,52,3.23,0.77,9.5,5,2
142,142,5.2,0.34,0,1.8,0.05,27,63,3.68,0.79,14,6,2
143,143,6.3,0.39,0.08,1.7,0.066,3,20,3.34,0.58,9.4,5,2
144,144,5.2,0.34,0,1.8,0.05,27,63,3.68,0.79,14,6,2
145,145,8.1,0.67,0.55,1.8,0.117,32,141,3.17,0.62,9.4,5,2
146,146,5.8,0.68,0.02,1.8,0.087,21,94,3.54,0.52,10,5,2
147,147,7.6,0.49,0.26,1.6,0.236,10,88,3.11,0.8,9.3,5,2
148,148,6.9,0.49,0.1,2.3,0.074,12,30,3.42,0.58,10.2,6,2
149,149,8.2,0.4,0.44,2.8,0.089,11,43,3.53,0.61,10.5,6,2
150,150,7.3,0.33,0.47,2.1,0.077,5,11,3.33,0.53,10.3,6,2
151,151,9.2,0.52,1,3.4,0.61,32,69,2.74,2,9.4,4,1
152,152,7.5,0.6,0.03,1.8,0.095,25,99,3.35,0.54,10.1,5,2
153,153,7.5,0.6,0.03,1.8,0.095,25,99,3.35,0.54,10.1,5,2
154,154,7.1,0.43,0.42,5.5,0.07,29,129,3.42,0.72,10.5,5,2
155,155,7.1,0.43,0.42,5.5,0.071,28,128,3.42,0.71,10.5,5,2
156,156,7.1,0.43,0.42,5.5,0.07,29,129,3.42,0.72,10.5,5,2
157,157,7.1,0.43,0.42,5.5,0.071,28,128,3.42,0.71,10.5,5,2
158,158,7.1,0.68,0,2.2,0.073,12,22,3.48,0.5,9.3,5,2
159,159,6.8,0.6,0.18,1.9,0.079,18,86,3.59,0.57,9.3,6,2
160,160,7.6,0.95,0.03,2,0.09,7,20,3.2,0.56,9.6,5,2
161,161,7.6,0.68,0.02,1.3,0.072,9,20,3.17,1.08,9.2,4,1
162,162,7.8,0.53,0.04,1.7,0.076,17,31,3.33,0.56,10,6,2
163,163,7.4,0.6,0.26,7.3,0.07,36,121,3.37,0.49,9.4,5,2
164,164,7.3,0.59,0.26,7.2,0.07,35,121,3.37,0.49,9.4,5,2
165,165,7.8,0.63,0.48,1.7,0.1,14,96,3.19,0.62,9.5,5,2
166,166,6.8,0.64,0.1,2.1,0.085,18,101,3.34,0.52,10.2,5,2
167,167,7.3,0.55,0.03,1.6,0.072,17,42,3.37,0.48,9,4,1
168,168,6.8,0.63,0.07,2.1,0.089,11,44,3.47,0.55,10.4,6,2
169,169,7.5,0.705,0.24,1.8,0.36,15,63,3,1.59,9.5,5,2
170,170,7.9,0.885,0.03,1.8,0.058,4,8,3.36,0.33,9.1,4,1
171,171,8,0.42,0.17,2,0.073,6,18,3.29,0.61,9.2,6,2
172,172,8,0.42,0.17,2,0.073,6,18,3.29,0.61,9.2,6,2
173,173,7.4,0.62,0.05,1.9,0.068,24,42,3.42,0.57,11.5,6,2
174,174,7.3,0.38,0.21,2,0.08,7,35,3.33,0.47,9.5,5,2
175,175,6.9,0.5,0.04,1.5,0.085,19,49,3.35,0.78,9.5,5,2
176,176,7.3,0.38,0.21,2,0.08,7,35,3.33,0.47,9.5,5,2
177,177,7.5,0.52,0.42,2.3,0.087,8,38,3.58,0.61,10.5,6,2
178,178,7,0.805,0,2.5,0.068,7,20,3.48,0.56,9.6,5,2
179,179,8.8,0.61,0.14,2.4,0.067,10,42,3.19,0.59,9.5,5,2
180,180,8.8,0.61,0.14,2.4,0.067,10,42,3.19,0.59,9.5,5,2
181,181,8.9,0.61,0.49,2,0.27,23,110,3.12,1.02,9.3,5,2
182,182,7.2,0.73,0.02,2.5,0.076,16,42,3.44,0.52,9.3,5,2
183,183,6.8,0.61,0.2,1.8,0.077,11,65,3.54,0.58,9.3,5,2
184,184,6.7,0.62,0.21,1.9,0.079,8,62,3.52,0.58,9.3,6,2
185,185,8.9,0.31,0.57,2,0.111,26,85,3.26,0.53,9.7,5,2
186,186,7.4,0.39,0.48,2,0.082,14,67,3.34,0.55,9.2,5,2
187,187,7.7,0.705,0.1,2.6,0.084,9,26,3.39,0.49,9.7,5,2
188,188,7.9,0.5,0.33,2,0.084,15,143,3.2,0.55,9.5,5,2
189,189,7.9,0.49,0.32,1.9,0.082,17,144,3.2,0.55,9.5,5,2
190,190,8.2,0.5,0.35,2.9,0.077,21,127,3.23,0.62,9.4,5,2
191,191,6.4,0.37,0.25,1.9,0.074,21,49,3.57,0.62,9.8,6,2
192,192,6.8,0.63,0.12,3.8,0.099,16,126,3.28,0.61,9.5,5,2
193,193,7.6,0.55,0.21,2.2,0.071,7,28,3.28,0.55,9.7,5,2
194,194,7.6,0.55,0.21,2.2,0.071,7,28,3.28,0.55,9.7,5,2
195,195,7.8,0.59,0.33,2,0.074,24,120,3.25,0.54,9.4,5,2
196,196,7.3,0.58,0.3,2.4,0.074,15,55,3.46,0.59,10.2,5,2
197,197,11.5,0.3,0.6,2,0.067,12,27,3.11,0.97,10.1,6,2
198,198,5.4,0.835,0.08,1.2,0.046,13,93,3.57,0.85,13,7,3
199,199,6.9,1.09,0.06,2.1,0.061,12,31,3.51,0.43,11.4,4,1
200,200,9.6,0.32,0.47,1.4,0.056,9,24,3.22,0.82,10.3,7,3
201,201,8.8,0.37,0.48,2.1,0.097,39,145,3.04,1.03,9.3,5,2
202,202,6.8,0.5,0.11,1.5,0.075,16,49,3.36,0.79,9.5,5,2
203,203,7,0.42,0.35,1.6,0.088,16,39,3.34,0.55,9.2,5,2
204,204,7,0.43,0.36,1.6,0.089,14,37,3.34,0.56,9.2,6,2
205,205,12.8,0.3,0.74,2.6,0.095,9,28,3.2,0.77,10.8,7,3
206,206,12.8,0.3,0.74,2.6,0.095,9,28,3.2,0.77,10.8,7,3
207,207,7.8,0.57,0.31,1.8,0.069,26,120,3.29,0.53,9.3,5,2
208,208,7.8,0.44,0.28,2.7,0.1,18,95,3.22,0.67,9.4,5,2
209,209,11,0.3,0.58,2.1,0.054,7,19,3.31,0.88,10.5,7,3
210,210,9.7,0.53,0.6,2,0.039,5,19,3.3,0.86,12.4,6,2
211,211,8,0.725,0.24,2.8,0.083,10,62,3.35,0.56,10,6,2
212,212,11.6,0.44,0.64,2.1,0.059,5,15,3.21,0.67,10.2,6,2
213,213,8.2,0.57,0.26,2.2,0.06,28,65,3.3,0.43,10.1,5,2
214,214,7.8,0.735,0.08,2.4,0.092,10,41,3.24,0.71,9.8,6,2
215,215,7,0.49,0.49,5.6,0.06,26,121,3.34,0.76,10.5,5,2
216,216,8.7,0.625,0.16,2,0.101,13,49,3.14,0.57,11,5,2
217,217,8.1,0.725,0.22,2.2,0.072,11,41,3.36,0.55,9.1,5,2
218,218,7.5,0.49,0.19,1.9,0.076,10,44,3.39,0.54,9.7,5,2
219,219,7.8,0.53,0.33,2.4,0.08,24,144,3.3,0.6,9.5,5,2
220,220,7.8,0.34,0.37,2,0.082,24,58,3.34,0.59,9.4,6,2
221,221,7.4,0.53,0.26,2,0.101,16,72,3.15,0.57,9.4,5,2
222,222,6.8,0.61,0.04,1.5,0.057,5,10,3.42,0.6,9.5,5,2
223,223,8.6,0.645,0.25,2,0.083,8,28,3.28,0.6,10,6,2
224,224,8.4,0.635,0.36,2,0.089,15,55,3.31,0.57,10.4,4,1
225,225,7.7,0.43,0.25,2.6,0.073,29,63,3.37,0.58,10.5,6,2
226,226,8.9,0.59,0.5,2,0.337,27,81,3.04,1.61,9.5,6,2
227,227,9,0.82,0.14,2.6,0.089,9,23,3.39,0.63,9.8,5,2
228,228,7.7,0.43,0.25,2.6,0.073,29,63,3.37,0.58,10.5,6,2
229,229,6.9,0.52,0.25,2.6,0.081,10,37,3.46,0.5,11,5,2
230,230,5.2,0.48,0.04,1.6,0.054,19,106,3.54,0.62,12.2,7,3
231,231,8,0.38,0.06,1.8,0.078,12,49,3.37,0.52,9.9,6,2
232,232,8.5,0.37,0.2,2.8,0.09,18,58,3.34,0.7,9.6,6,2
233,233,6.9,0.52,0.25,2.6,0.081,10,37,3.46,0.5,11,5,2
234,234,8.2,1,0.09,2.3,0.065,7,37,3.32,0.55,9,6,2
235,235,7.2,0.63,0,1.9,0.097,14,38,3.37,0.58,9,6,2
236,236,7.2,0.63,0,1.9,0.097,14,38,3.37,0.58,9,6,2
237,237,7.2,0.645,0,1.9,0.097,15,39,3.37,0.58,9.2,6,2
238,238,7.2,0.63,0,1.9,0.097,14,38,3.37,0.58,9,6,2
239,239,8.2,1,0.09,2.3,0.065,7,37,3.32,0.55,9,6,2
240,240,8.9,0.635,0.37,1.7,0.263,5,62,3,1.09,9.3,5,2
241,241,12,0.38,0.56,2.1,0.093,6,24,3.14,0.71,10.9,6,2
242,242,7.7,0.58,0.1,1.8,0.102,28,109,3.08,0.49,9.8,6,2
243,243,15,0.21,0.44,2.2,0.075,10,24,3.07,0.84,9.2,7,3
244,244,15,0.21,0.44,2.2,0.075,10,24,3.07,0.84,9.2,7,3
245,245,7.3,0.66,0,2,0.084,6,23,3.61,0.96,9.9,6,2
246,246,7.1,0.68,0.07,1.9,0.075,16,51,3.38,0.52,9.5,5,2
247,247,8.2,0.6,0.17,2.3,0.072,11,73,3.2,0.45,9.3,5,2
248,248,7.7,0.53,0.06,1.7,0.074,9,39,3.35,0.48,9.8,6,2
249,249,7.3,0.66,0,2,0.084,6,23,3.61,0.96,9.9,6,2
250,250,10.8,0.32,0.44,1.6,0.063,16,37,3.22,0.78,10,6,2
251,251,7.1,0.6,0,1.8,0.074,16,34,3.47,0.7,9.9,6,2
252,252,11.1,0.35,0.48,3.1,0.09,5,21,3.17,0.53,10.5,5,2
253,253,7.7,0.775,0.42,1.9,0.092,8,86,3.23,0.59,9.5,5,2
254,254,7.1,0.6,0,1.8,0.074,16,34,3.47,0.7,9.9,6,2
255,255,8,0.57,0.23,3.2,0.073,17,119,3.26,0.57,9.3,5,2
256,256,9.4,0.34,0.37,2.2,0.075,5,13,3.22,0.62,9.2,5,2
257,257,6.6,0.695,0,2.1,0.075,12,56,3.49,0.67,9.2,5,2
258,258,7.7,0.41,0.76,1.8,0.611,8,45,3.06,1.26,9.4,5,2
259,259,10,0.31,0.47,2.6,0.085,14,33,3.36,0.8,10.5,7,3
260,260,7.9,0.33,0.23,1.7,0.077,18,45,3.29,0.65,9.3,5,2
261,261,7,0.975,0.04,2,0.087,12,67,3.35,0.6,9.4,4,1
262,262,8,0.52,0.03,1.7,0.07,10,35,3.34,0.57,10,5,2
263,263,7.9,0.37,0.23,1.8,0.077,23,49,3.28,0.67,9.3,5,2
264,264,12.5,0.56,0.49,2.4,0.064,5,27,3.08,0.87,10.9,5,2
265,265,11.8,0.26,0.52,1.8,0.071,6,10,3.2,0.72,10.2,7,3
266,266,8.1,0.87,0,3.3,0.096,26,61,3.6,0.72,9.8,4,1
267,267,7.9,0.35,0.46,3.6,0.078,15,37,3.35,0.86,12.8,8,3
268,268,6.9,0.54,0.04,3,0.077,7,27,3.69,0.91,9.4,6,2
269,269,11.5,0.18,0.51,4,0.104,4,23,3.28,0.97,10.1,6,2
270,270,7.9,0.545,0.06,4,0.087,27,61,3.36,0.67,10.7,6,2
271,271,11.5,0.18,0.51,4,0.104,4,23,3.28,0.97,10.1,6,2
272,272,10.9,0.37,0.58,4,0.071,17,65,3.22,0.78,10.1,5,2
273,273,8.4,0.715,0.2,2.4,0.076,10,38,3.31,0.64,9.4,5,2
274,274,7.5,0.65,0.18,7,0.088,27,94,3.38,0.77,9.4,5,2
275,275,7.9,0.545,0.06,4,0.087,27,61,3.36,0.67,10.7,6,2
276,276,6.9,0.54,0.04,3,0.077,7,27,3.69,0.91,9.4,6,2
277,277,11.5,0.18,0.51,4,0.104,4,23,3.28,0.97,10.1,6,2
278,128,10.3,0.32,0.45,6.4,0.073,5,13,3.23,0.82,12.6,8,3
279,279,8.9,0.4,0.32,5.6,0.087,10,47,3.38,0.77,10.5,7,3
280,280,11.4,0.26,0.44,3.6,0.071,6,19,3.12,0.82,9.3,6,2
281,281,7.7,0.27,0.68,3.5,0.358,5,10,3.25,1.08,9.9,7,3
282,282,7.6,0.52,0.12,3,0.067,12,53,3.36,0.57,9.1,5,2
283,283,8.9,0.4,0.32,5.6,0.087,10,47,3.38,0.77,10.5,7,3
284,284,9.9,0.59,0.07,3.4,0.102,32,71,3.31,0.71,9.8,5,2
285,285,9.9,0.59,0.07,3.4,0.102,32,71,3.31,0.71,9.8,5,2
286,286,12,0.45,0.55,2,0.073,25,49,3.1,0.76,10.3,6,2
287,287,7.5,0.4,0.12,3,0.092,29,53,3.37,0.7,10.3,6,2
288,288,8.7,0.52,0.09,2.5,0.091,20,49,3.34,0.86,10.6,7,3
289,139,11.6,0.42,0.53,3.3,0.105,33,98,3.2,0.95,9.2,5,2
290,290,8.7,0.52,0.09,2.5,0.091,20,49,3.34,0.86,10.6,7,3
291,291,11,0.2,0.48,2,0.343,6,18,3.3,0.71,10.5,5,2
292,292,10.4,0.55,0.23,2.7,0.091,18,48,3.22,0.64,10.3,6,2
293,293,6.9,0.36,0.25,2.4,0.098,5,16,3.41,0.6,10.1,6,2
294,294,13.3,0.34,0.52,3.2,0.094,17,53,3.05,0.81,9.5,6,2
295,295,10.8,0.5,0.46,2.5,0.073,5,27,3.05,0.64,9.5,5,2
296,296,10.6,0.83,0.37,2.6,0.086,26,70,3.16,0.52,9.9,5,2
297,297,7.1,0.63,0.06,2,0.083,8,29,3.67,0.73,9.6,5,2
298,298,7.2,0.65,0.02,2.3,0.094,5,31,3.67,0.8,9.7,5,2
299,299,6.9,0.67,0.06,2.1,0.08,8,33,3.68,0.71,9.6,5,2
300,300,7.5,0.53,0.06,2.6,0.086,20,44,3.38,0.59,10.7,6,2
301,301,11.1,0.18,0.48,1.5,0.068,7,15,3.22,0.64,10.1,6,2
302,302,8.3,0.705,0.12,2.6,0.092,12,28,3.51,0.72,10,5,2
303,303,7.4,0.67,0.12,1.6,0.186,5,21,3.39,0.54,9.5,5,2
304,304,8.4,0.65,0.6,2.1,0.112,12,90,3.2,0.52,9.2,5,2
305,305,10.3,0.53,0.48,2.5,0.063,6,25,3.12,0.59,9.3,6,2
306,306,7.6,0.62,0.32,2.2,0.082,7,54,3.36,0.52,9.4,5,2
307,307,10.3,0.41,0.42,2.4,0.213,6,14,3.19,0.62,9.5,6,2
308,308,10.3,0.43,0.44,2.4,0.214,5,12,3.19,0.63,9.5,6,2
309,309,7.4,0.29,0.38,1.7,0.062,9,30,3.41,0.53,9.5,6,2
310,310,10.3,0.53,0.48,2.5,0.063,6,25,3.12,0.59,9.3,6,2
311,311,7.9,0.53,0.24,2,0.072,15,105,3.27,0.54,9.4,6,2
312,312,9,0.46,0.31,2.8,0.093,19,98,3.32,0.63,9.5,6,2
313,313,8.6,0.47,0.3,3,0.076,30,135,3.3,0.53,9.4,5,2
314,314,7.4,0.36,0.29,2.6,0.087,26,72,3.39,0.68,11,5,2
315,315,7.1,0.35,0.29,2.5,0.096,20,53,3.42,0.65,11,6,2
316,316,9.6,0.56,0.23,3.4,0.102,37,92,3.3,0.65,10.1,5,2
317,317,9.6,0.77,0.12,2.9,0.082,30,74,3.3,0.64,10.4,6,2
318,318,9.8,0.66,0.39,3.2,0.083,21,59,3.37,0.71,11.5,7,3
319,319,9.6,0.77,0.12,2.9,0.082,30,74,3.3,0.64,10.4,6,2
320,320,9.8,0.66,0.39,3.2,0.083,21,59,3.37,0.71,11.5,7,3
321,321,9.3,0.61,0.26,3.4,0.09,25,87,3.24,0.62,9.7,5,2
322,322,7.8,0.62,0.05,2.3,0.079,6,18,3.29,0.63,9.3,5,2
323,323,10.3,0.59,0.42,2.8,0.09,35,73,3.28,0.7,9.5,6,2
324,324,10,0.49,0.2,11,0.071,13,50,3.16,0.69,9.2,6,2
325,325,10,0.49,0.2,11,0.071,13,50,3.16,0.69,9.2,6,2
326,326,11.6,0.53,0.66,3.65,0.121,6,14,3.05,0.74,11.5,7,3
327,327,10.3,0.44,0.5,4.5,0.107,5,13,3.28,0.83,11.5,5,2
328,328,13.4,0.27,0.62,2.6,0.082,6,21,3.16,0.67,9.7,6,2
329,329,10.7,0.46,0.39,2,0.061,7,15,3.18,0.62,9.5,5,2
330,330,10.2,0.36,0.64,2.9,0.122,10,41,3.23,0.66,12.5,6,2
331,331,10.2,0.36,0.64,2.9,0.122,10,41,3.23,0.66,12.5,6,2
332,332,8,0.58,0.28,3.2,0.066,21,114,3.22,0.54,9.4,6,2
333,333,8.4,0.56,0.08,2.1,0.105,16,44,3.13,0.52,11,5,2
334,334,7.9,0.65,0.01,2.5,0.078,17,38,3.34,0.74,11.7,7,3
335,335,11.9,0.695,0.53,3.4,0.128,7,21,3.17,0.84,12.2,7,3
336,336,8.9,0.43,0.45,1.9,0.052,6,16,3.35,0.7,12.5,6,2
337,337,7.8,0.43,0.32,2.8,0.08,29,58,3.31,0.64,10.3,5,2
338,338,12.4,0.49,0.58,3,0.103,28,99,3.16,1,11.5,6,2
339,339,12.5,0.28,0.54,2.3,0.082,12,29,3.11,1.36,9.8,7,3
340,340,12.2,0.34,0.5,2.4,0.066,10,21,3.12,1.18,9.2,6,2
341,341,10.6,0.42,0.48,2.7,0.065,5,18,3.21,0.87,11.3,6,2
342,342,10.9,0.39,0.47,1.8,0.118,6,14,3.3,0.75,9.8,6,2
343,343,10.9,0.39,0.47,1.8,0.118,6,14,3.3,0.75,9.8,6,2
344,344,11.9,0.57,0.5,2.6,0.082,6,32,3.12,0.78,10.7,6,2
345,345,7,0.685,0,1.9,0.067,40,63,3.6,0.81,9.9,5,2
346,346,6.6,0.815,0.02,2.7,0.072,17,34,3.58,0.89,12.3,7,3
347,347,13.8,0.49,0.67,3,0.093,6,15,3.02,0.93,12,6,2
348,348,9.6,0.56,0.31,2.8,0.089,15,46,3.11,0.92,10,6,2
349,349,9.1,0.785,0,2.6,0.093,11,28,3.36,0.86,9.4,6,2
350,350,10.7,0.67,0.22,2.7,0.107,17,34,3.28,0.98,9.9,6,2
351,351,9.1,0.795,0,2.6,0.096,11,26,3.35,0.83,9.4,6,2
352,352,7.7,0.665,0,2.4,0.09,8,19,3.27,0.73,9.3,5,2
353,353,13.5,0.53,0.79,4.8,0.12,23,77,3.18,0.77,13,5,2
354,354,6.1,0.21,0.4,1.4,0.066,40.5,165,3.25,0.59,11.9,6,2
355,355,6.7,0.75,0.01,2.4,0.078,17,32,3.55,0.61,12.8,6,2
356,356,11.5,0.41,0.52,3,0.08,29,55,3.26,0.88,11,5,2
357,357,10.5,0.42,0.66,2.95,0.116,12,29,3.24,0.75,11.7,7,3
358,358,11.9,0.43,0.66,3.1,0.109,10,23,3.15,0.85,10.4,7,3
359,359,12.6,0.38,0.66,2.6,0.088,10,41,3.17,0.68,9.8,6,2
360,360,8.2,0.7,0.23,2,0.099,14,81,3.19,0.7,9.4,5,2
361,361,8.6,0.45,0.31,2.6,0.086,21,50,3.37,0.91,9.9,6,2
362,362,11.9,0.58,0.66,2.5,0.072,6,37,3.05,0.56,10,5,2
363,363,12.5,0.46,0.63,2,0.071,6,15,2.99,0.87,10.2,5,2
364,364,12.8,0.615,0.66,5.8,0.083,7,42,3.07,0.73,10,7,3
365,365,10,0.42,0.5,3.4,0.107,7,21,3.26,0.93,11.8,6,2
366,366,12.8,0.615,0.66,5.8,0.083,7,42,3.07,0.73,10,7,3
367,367,10.4,0.575,0.61,2.6,0.076,11,24,3.16,0.69,9,5,2
368,368,10.3,0.34,0.52,2.8,0.159,15,75,3.18,0.64,9.4,5,2
369,369,9.4,0.27,0.53,2.4,0.074,6,18,3.2,1.13,12,7,3
370,370,6.9,0.765,0.02,2.3,0.063,35,63,3.57,0.78,9.9,5,2
371,371,7.9,0.24,0.4,1.6,0.056,11,25,3.32,0.87,8.7,6,2
372,372,9.1,0.28,0.48,1.8,0.067,26,46,3.32,1.04,10.6,6,2
373,373,7.4,0.55,0.22,2.2,0.106,12,72,3.05,0.63,9.2,5,2
374,374,14,0.41,0.63,3.8,0.089,6,47,3.01,0.81,10.8,6,2
375,375,11.5,0.54,0.71,4.4,0.124,6,15,3.01,0.83,11.8,7,3
376,376,11.5,0.45,0.5,3,0.078,19,47,3.26,1.11,11,6,2
377,377,9.4,0.27,0.53,2.4,0.074,6,18,3.2,1.13,12,7,3
378,378,11.4,0.625,0.66,6.2,0.088,6,24,3.11,0.99,13.3,6,2
379,379,8.3,0.42,0.38,2.5,0.094,24,60,3.31,0.7,10.8,6,2
380,380,8.3,0.26,0.42,2,0.08,11,27,3.21,0.8,9.4,6,2
381,381,13.7,0.415,0.68,2.9,0.085,17,43,3.06,0.8,10,6,2
382,382,8.3,0.26,0.42,2,0.08,11,27,3.21,0.8,9.4,6,2
383,383,8.3,0.26,0.42,2,0.08,11,27,3.21,0.8,9.4,6,2
384,384,7.7,0.51,0.28,2.1,0.087,23,54,3.42,0.74,9.2,5,2
385,385,7.4,0.63,0.07,2.4,0.09,11,37,3.43,0.76,9.7,6,2
386,386,7.8,0.54,0.26,2,0.088,23,48,3.41,0.74,9.2,6,2
387,387,8.3,0.66,0.15,1.9,0.079,17,42,3.31,0.54,9.6,6,2
388,388,7.8,0.46,0.26,1.9,0.088,23,53,3.43,0.74,9.2,6,2
389,389,9.6,0.38,0.31,2.5,0.096,16,49,3.19,0.7,10,7,3
390,390,5.6,0.85,0.05,1.4,0.045,12,88,3.56,0.82,12.9,8,3
391,391,13.7,0.415,0.68,2.9,0.085,17,43,3.06,0.8,10,6,2
392,392,9.5,0.37,0.52,2,0.082,6,26,3.18,0.51,9.5,5,2
393,393,8.4,0.665,0.61,2,0.112,13,95,3.16,0.54,9.1,5,2
394,394,12.7,0.6,0.65,2.3,0.063,6,25,3.03,0.57,9.9,5,2
395,395,12,0.37,0.76,4.2,0.066,7,38,3.22,0.6,13,7,3
396,396,6.6,0.735,0.02,7.9,0.122,68,124,3.47,0.53,9.9,5,2
397,397,11.5,0.59,0.59,2.6,0.087,13,49,3.18,0.65,11,6,2
398,398,11.5,0.59,0.59,2.6,0.087,13,49,3.18,0.65,11,6,2
399,399,8.7,0.765,0.22,2.3,0.064,9,42,3.1,0.55,9.4,5,2
400,400,6.6,0.735,0.02,7.9,0.122,68,124,3.47,0.53,9.9,5,2
401,401,7.7,0.26,0.3,1.7,0.059,20,38,3.29,0.47,10.8,6,2
402,402,12.2,0.48,0.54,2.6,0.085,19,64,3.1,0.61,10.5,6,2
403,403,11.4,0.6,0.49,2.7,0.085,10,41,3.15,0.63,10.5,6,2
404,404,7.7,0.69,0.05,2.7,0.075,15,27,3.26,0.61,9.1,5,2
405,405,8.7,0.31,0.46,1.4,0.059,11,25,3.36,0.76,10.1,6,2
406,406,9.8,0.44,0.47,2.5,0.063,9,28,3.24,0.65,10.8,6,2
407,407,12,0.39,0.66,3,0.093,12,30,3.18,0.63,10.8,7,3
408,408,10.4,0.34,0.58,3.7,0.174,6,16,3.19,0.7,11.3,6,2
409,409,12.5,0.46,0.49,4.5,0.07,26,49,3.05,0.57,9.6,4,1
410,410,9,0.43,0.34,2.5,0.08,26,86,3.38,0.62,9.5,6,2
411,411,9.1,0.45,0.35,2.4,0.08,23,78,3.38,0.62,9.5,5,2
412,412,7.1,0.735,0.16,1.9,0.1,15,77,3.27,0.64,9.3,5,2
413,413,9.9,0.4,0.53,6.7,0.097,6,19,3.27,0.82,11.7,7,3
414,414,8.8,0.52,0.34,2.7,0.087,24,122,3.26,0.61,9.5,5,2
415,415,8.6,0.725,0.24,6.6,0.117,31,134,3.32,1.07,9.3,5,2
416,416,10.6,0.48,0.64,2.2,0.111,6,20,3.26,0.66,11.7,6,2
417,417,7,0.58,0.12,1.9,0.091,34,124,3.44,0.48,10.5,5,2
418,418,11.9,0.38,0.51,2,0.121,7,20,3.24,0.76,10.4,6,2
419,419,6.8,0.77,0,1.8,0.066,34,52,3.62,0.68,9.9,5,2
420,420,9.5,0.56,0.33,2.4,0.089,35,67,3.28,0.73,11.8,7,3
421,421,6.6,0.84,0.03,2.3,0.059,32,48,3.52,0.56,12.3,7,3
422,422,7.7,0.96,0.2,2,0.047,15,60,3.36,0.44,10.9,5,2
423,423,10.5,0.24,0.47,2.1,0.066,6,24,3.15,0.9,11,7,3
424,424,7.7,0.96,0.2,2,0.047,15,60,3.36,0.44,10.9,5,2
425,425,6.6,0.84,0.03,2.3,0.059,32,48,3.52,0.56,12.3,7,3
426,426,6.4,0.67,0.08,2.1,0.045,19,48,3.49,0.49,11.4,6,2
427,427,9.5,0.78,0.22,1.9,0.077,6,32,3.26,0.56,10.6,6,2
428,428,9.1,0.52,0.33,1.3,0.07,9,30,3.24,0.6,9.3,5,2
429,429,12.8,0.84,0.63,2.4,0.088,13,35,3.1,0.6,10.4,6,2
430,430,10.5,0.24,0.47,2.1,0.066,6,24,3.15,0.9,11,7,3
431,431,7.8,0.55,0.35,2.2,0.074,21,66,3.25,0.56,9.2,5,2
432,432,11.9,0.37,0.69,2.3,0.078,12,24,3,0.65,12.8,6,2
433,433,12.3,0.39,0.63,2.3,0.091,6,18,3.16,0.49,9.5,5,2
434,434,10.4,0.41,0.55,3.2,0.076,22,54,3.15,0.89,9.9,6,2
435,435,12.3,0.39,0.63,2.3,0.091,6,18,3.16,0.49,9.5,5,2
436,436,8,0.67,0.3,2,0.06,38,62,3.26,0.56,10.2,6,2
437,437,11.1,0.45,0.73,3.2,0.066,6,22,3.17,0.66,11.2,6,2
438,438,10.4,0.41,0.55,3.2,0.076,22,54,3.15,0.89,9.9,6,2
439,439,7,0.62,0.18,1.5,0.062,7,50,3.08,0.6,9.3,5,2
440,440,12.6,0.31,0.72,2.2,0.072,6,29,2.88,0.82,9.8,8,3
441,441,11.9,0.4,0.65,2.15,0.068,7,27,3.06,0.68,11.3,6,2
442,442,15.6,0.685,0.76,3.7,0.1,6,43,2.95,0.68,11.2,7,3
443,443,10,0.44,0.49,2.7,0.077,11,19,3.23,0.63,11.6,7,3
444,444,5.3,0.57,0.01,1.7,0.054,5,27,3.57,0.84,12.5,7,3
445,445,9.5,0.735,0.1,2.1,0.079,6,31,3.23,0.56,10.1,6,2
446,446,12.5,0.38,0.6,2.6,0.081,31,72,3.1,0.73,10.5,5,2
447,447,9.3,0.48,0.29,2.1,0.127,6,16,3.22,0.72,11.2,5,2
448,448,8.6,0.53,0.22,2,0.1,7,27,3.2,0.56,10.2,6,2
449,449,11.9,0.39,0.69,2.8,0.095,17,35,3.1,0.61,10.8,6,2
450,450,11.9,0.39,0.69,2.8,0.095,17,35,3.1,0.61,10.8,6,2
451,451,8.4,0.37,0.53,1.8,0.413,9,26,3.06,1.06,9.1,6,2
452,452,6.8,0.56,0.03,1.7,0.084,18,35,3.44,0.63,10,6,2
453,453,10.4,0.33,0.63,2.8,0.084,5,22,3.26,0.74,11.2,7,3
454,454,7,0.23,0.4,1.6,0.063,21,67,3.5,0.63,11.1,5,2
455,455,11.3,0.62,0.67,5.2,0.086,6,19,3.22,0.69,13.4,8,3
456,456,8.9,0.59,0.39,2.3,0.095,5,22,3.37,0.58,10.3,5,2
457,457,9.2,0.63,0.21,2.7,0.097,29,65,3.28,0.58,9.6,5,2
458,458,10.4,0.33,0.63,2.8,0.084,5,22,3.26,0.74,11.2,7,3
459,459,11.6,0.58,0.66,2.2,0.074,10,47,3.25,0.57,9,3,1
460,460,9.2,0.43,0.52,2.3,0.083,14,23,3.35,0.61,11.3,6,2
461,461,8.3,0.615,0.22,2.6,0.087,6,19,3.26,0.61,9.3,5,2
462,462,11,0.26,0.68,2.55,0.085,10,25,3.18,0.61,11.8,5,2
463,463,8.1,0.66,0.7,2.2,0.098,25,129,3.08,0.53,9,5,2
464,464,11.5,0.315,0.54,2.1,0.084,5,15,2.98,0.7,9.2,6,2
465,465,10,0.29,0.4,2.9,0.098,10,26,3.48,0.91,9.7,5,2
466,466,10.3,0.5,0.42,2,0.069,21,51,3.16,0.72,11.5,6,2
467,467,8.8,0.46,0.45,2.6,0.065,7,18,3.32,0.79,14,6,2
468,468,11.4,0.36,0.69,2.1,0.09,6,21,3.17,0.62,9.2,6,2
469,469,8.7,0.82,0.02,1.2,0.07,36,48,3.2,0.58,9.8,5,2
470,470,13,0.32,0.65,2.6,0.093,15,47,3.05,0.61,10.6,5,2
471,471,9.6,0.54,0.42,2.4,0.081,25,52,3.2,0.71,11.4,6,2
472,472,12.5,0.37,0.55,2.6,0.083,25,68,3.15,0.82,10.4,6,2
473,473,9.9,0.35,0.55,2.1,0.062,5,14,3.26,0.79,10.6,5,2
474,474,10.5,0.28,0.51,1.7,0.08,10,24,3.2,0.89,9.4,6,2
475,475,9.6,0.68,0.24,2.2,0.087,5,28,3.14,0.6,10.2,5,2
476,476,9.3,0.27,0.41,2,0.091,6,16,3.28,0.7,9.7,5,2
477,477,10.4,0.24,0.49,1.8,0.075,6,20,3.18,1.06,11,6,2
478,478,9.6,0.68,0.24,2.2,0.087,5,28,3.14,0.6,10.2,5,2
479,479,9.4,0.685,0.11,2.7,0.077,6,31,3.19,0.7,10.1,6,2
480,480,10.6,0.28,0.39,15.5,0.069,6,23,3.12,0.66,9.2,5,2
481,481,9.4,0.3,0.56,2.8,0.08,6,17,3.15,0.92,11.7,8,3
482,482,10.6,0.36,0.59,2.2,0.152,6,18,3.04,1.05,9.4,5,2
483,483,10.6,0.36,0.6,2.2,0.152,7,18,3.04,1.06,9.4,5,2
484,484,10.6,0.44,0.68,4.1,0.114,6,24,3.06,0.66,13.4,6,2
485,485,10.2,0.67,0.39,1.9,0.054,6,17,3.17,0.47,10,5,2
486,486,10.2,0.67,0.39,1.9,0.054,6,17,3.17,0.47,10,5,2
487,487,10.2,0.645,0.36,1.8,0.053,5,14,3.17,0.42,10,6,2
488,488,11.6,0.32,0.55,2.8,0.081,35,67,3.32,0.92,10.8,7,3
489,489,9.3,0.39,0.4,2.6,0.073,10,26,3.34,0.75,10.2,6,2
490,490,9.3,0.775,0.27,2.8,0.078,24,56,3.31,0.67,10.6,6,2
491,491,9.2,0.41,0.5,2.5,0.055,12,25,3.34,0.79,13.3,7,3
492,492,8.9,0.4,0.51,2.6,0.052,13,27,3.32,0.9,13.4,7,3
493,493,8.7,0.69,0.31,3,0.086,23,81,3.48,0.74,11.6,6,2
494,494,6.5,0.39,0.23,8.3,0.051,28,91,3.44,0.55,12.1,6,2
495,495,10.7,0.35,0.53,2.6,0.07,5,16,3.15,0.65,11,8,3
496,496,7.8,0.52,0.25,1.9,0.081,14,38,3.43,0.65,9,6,2
497,497,7.2,0.34,0.32,2.5,0.09,43,113,3.32,0.79,11.1,5,2
498,498,10.7,0.35,0.53,2.6,0.07,5,16,3.15,0.65,11,8,3
499,499,8.7,0.69,0.31,3,0.086,23,81,3.48,0.74,11.6,6,2
500,500,7.8,0.52,0.25,1.9,0.081,14,38,3.43,0.65,9,6,2
501,501,10.4,0.44,0.73,6.55,0.074,38,76,3.17,0.85,12,7,3
502,502,10.4,0.44,0.73,6.55,0.074,38,76,3.17,0.85,12,7,3
503,503,10.5,0.26,0.47,1.9,0.078,6,24,3.18,1.04,10.9,7,3
504,504,10.5,0.24,0.42,1.8,0.077,6,22,3.21,1.05,10.8,7,3
505,505,10.2,0.49,0.63,2.9,0.072,10,26,3.16,0.78,12.5,7,3
506,506,10.4,0.24,0.46,1.8,0.075,6,21,3.25,1.02,10.8,7,3
507,507,11.2,0.67,0.55,2.3,0.084,6,13,3.17,0.71,9.5,6,2
508,508,10,0.59,0.31,2.2,0.09,26,62,3.18,0.63,10.2,6,2
509,509,13.3,0.29,0.75,2.8,0.084,23,43,3.04,0.68,11.4,7,3
510,510,12.4,0.42,0.49,4.6,0.073,19,43,3.02,0.61,9.5,5,2
511,511,10,0.59,0.31,2.2,0.09,26,62,3.18,0.63,10.2,6,2
512,512,10.7,0.4,0.48,2.1,0.125,15,49,3.03,0.81,9.7,6,2
513,513,10.5,0.51,0.64,2.4,0.107,6,15,3.09,0.66,11.8,7,3
514,514,10.5,0.51,0.64,2.4,0.107,6,15,3.09,0.66,11.8,7,3
515,515,8.5,0.655,0.49,6.1,0.122,34,151,3.31,1.14,9.3,5,2
516,516,12.5,0.6,0.49,4.3,0.1,5,14,3.25,0.74,11.9,6,2
517,517,10.4,0.61,0.49,2.1,0.2,5,16,3.16,0.63,8.4,3,1
518,518,10.9,0.21,0.49,2.8,0.088,11,32,3.22,0.68,11.7,6,2
519,519,7.3,0.365,0.49,2.5,0.088,39,106,3.36,0.78,11,5,2
520,520,9.8,0.25,0.49,2.7,0.088,15,33,3.42,0.9,10,6,2
521,521,7.6,0.41,0.49,2,0.088,16,43,3.48,0.64,9.1,5,2
522,522,8.2,0.39,0.49,2.3,0.099,47,133,3.38,0.99,9.8,5,2
523,523,9.3,0.4,0.49,2.5,0.085,38,142,3.22,0.55,9.4,5,2
524,524,9.2,0.43,0.49,2.4,0.086,23,116,3.23,0.64,9.5,5,2
525,525,10.4,0.64,0.24,2.8,0.105,29,53,3.24,0.67,9.9,5,2
526,526,7.3,0.365,0.49,2.5,0.088,39,106,3.36,0.78,11,5,2
527,527,7,0.38,0.49,2.5,0.097,33,85,3.39,0.77,11.4,6,2
528,528,8.2,0.42,0.49,2.6,0.084,32,55,3.34,0.75,8.7,6,2
529,529,9.9,0.63,0.24,2.4,0.077,6,33,3.09,0.57,9.4,5,2
530,530,9.1,0.22,0.24,2.1,0.078,1,28,3.41,0.87,10.3,6,2
531,531,11.9,0.38,0.49,2.7,0.098,12,42,3.16,0.61,10.3,5,2
532,532,11.9,0.38,0.49,2.7,0.098,12,42,3.16,0.61,10.3,5,2
533,533,10.3,0.27,0.24,2.1,0.072,15,33,3.22,0.66,12.8,6,2
534,534,10,0.48,0.24,2.7,0.102,13,32,3.28,0.56,10,6,2
535,535,9.1,0.22,0.24,2.1,0.078,1,28,3.41,0.87,10.3,6,2
536,536,9.9,0.63,0.24,2.4,0.077,6,33,3.09,0.57,9.4,5,2
537,537,8.1,0.825,0.24,2.1,0.084,5,13,3.37,0.77,10.7,6,2
538,538,12.9,0.35,0.49,5.8,0.066,5,35,3.2,0.66,12,7,3
539,539,11.2,0.5,0.74,5.15,0.1,5,17,3.22,0.62,11.2,5,2
540,540,9.2,0.59,0.24,3.3,0.101,20,47,3.26,0.67,9.6,5,2
541,541,9.5,0.46,0.49,6.3,0.064,5,17,3.21,0.73,11,6,2
542,542,9.3,0.715,0.24,2.1,0.07,5,20,3.12,0.59,9.9,5,2
543,543,11.2,0.66,0.24,2.5,0.085,16,53,3.06,0.72,11,6,2
544,544,14.3,0.31,0.74,1.8,0.075,6,15,2.86,0.79,8.4,6,2
545,545,9.1,0.47,0.49,2.6,0.094,38,106,3.08,0.59,9.1,5,2
546,546,7.5,0.55,0.24,2,0.078,10,28,3.45,0.78,9.5,6,2
547,547,10.6,0.31,0.49,2.5,0.067,6,21,3.26,0.86,10.7,6,2
548,548,12.4,0.35,0.49,2.6,0.079,27,69,3.12,0.75,10.4,6,2
549,549,9,0.53,0.49,1.9,0.171,6,25,3.27,0.61,9.4,6,2
550,550,6.8,0.51,0.01,2.1,0.074,9,25,3.33,0.56,9.5,6,2
551,551,9.4,0.43,0.24,2.8,0.092,14,45,3.19,0.73,10,6,2
552,552,9.5,0.46,0.24,2.7,0.092,14,44,3.12,0.74,10,6,2
553,553,5,1.04,0.24,1.6,0.05,32,96,3.74,0.62,11.5,5,2
554,554,15.5,0.645,0.49,4.2,0.095,10,23,2.92,0.74,11.1,5,2
555,555,15.5,0.645,0.49,4.2,0.095,10,23,2.92,0.74,11.1,5,2
556,556,10.9,0.53,0.49,4.6,0.118,10,17,3.07,0.56,11.7,6,2
557,557,15.6,0.645,0.49,4.2,0.095,10,23,2.92,0.74,11.1,5,2
558,558,10.9,0.53,0.49,4.6,0.118,10,17,3.07,0.56,11.7,6,2
559,559,13,0.47,0.49,4.3,0.085,6,47,3.3,0.68,12.7,6,2
560,560,12.7,0.6,0.49,2.8,0.075,5,19,3.14,0.57,11.4,5,2
561,561,9,0.44,0.49,2.4,0.078,26,121,3.23,0.58,9.2,5,2
562,562,9,0.54,0.49,2.9,0.094,41,110,3.08,0.61,9.2,5,2
563,563,7.6,0.29,0.49,2.7,0.092,25,60,3.31,0.61,10.1,6,2
564,564,13,0.47,0.49,4.3,0.085,6,47,3.3,0.68,12.7,6,2
565,565,12.7,0.6,0.49,2.8,0.075,5,19,3.14,0.57,11.4,5,2
566,566,8.7,0.7,0.24,2.5,0.226,5,15,3.32,0.6,9,6,2
567,567,8.7,0.7,0.24,2.5,0.226,5,15,3.32,0.6,9,6,2
568,568,9.8,0.5,0.49,2.6,0.25,5,20,3.31,0.79,10.7,6,2
569,569,6.2,0.36,0.24,2.2,0.095,19,42,3.57,0.57,11.7,6,2
570,570,11.5,0.35,0.49,3.3,0.07,10,37,3.32,0.91,11,6,2
571,571,6.2,0.36,0.24,2.2,0.095,19,42,3.57,0.57,11.7,6,2
572,572,10.2,0.24,0.49,2.4,0.075,10,28,3.14,0.61,10.4,5,2
573,573,10.5,0.59,0.49,2.1,0.07,14,47,3.3,0.56,9.6,4,1
574,574,10.6,0.34,0.49,3.2,0.078,20,78,3.19,0.7,10,6,2
575,575,12.3,0.27,0.49,3.1,0.079,28,46,3.2,0.8,10.2,6,2
576,576,9.9,0.5,0.24,2.3,0.103,6,14,3.34,0.52,10,4,1
577,577,8.8,0.44,0.49,2.8,0.083,18,111,3.3,0.6,9.5,5,2
578,578,8.8,0.47,0.49,2.9,0.085,17,110,3.29,0.6,9.8,5,2
579,579,10.6,0.31,0.49,2.2,0.063,18,40,3.14,0.51,9.8,6,2
580,580,12.3,0.5,0.49,2.2,0.089,5,14,3.19,0.44,9.6,5,2
581,581,12.3,0.5,0.49,2.2,0.089,5,14,3.19,0.44,9.6,5,2
582,582,11.7,0.49,0.49,2.2,0.083,5,15,3.19,0.43,9.2,5,2
583,583,12,0.28,0.49,1.9,0.074,10,21,2.98,0.66,9.9,7,3
584,584,11.8,0.33,0.49,3.4,0.093,54,80,3.3,0.76,10.7,7,3
585,585,7.6,0.51,0.24,2.4,0.091,8,38,3.47,0.66,9.6,6,2
586,586,11.1,0.31,0.49,2.7,0.094,16,47,3.12,1.02,10.6,7,3
587,587,7.3,0.73,0.24,1.9,0.108,18,102,3.26,0.59,9.3,5,2
588,588,5,0.42,0.24,2,0.06,19,50,3.72,0.74,14,8,3
589,589,10.2,0.29,0.49,2.6,0.059,5,13,3.05,0.74,10.5,7,3
590,590,9,0.45,0.49,2.6,0.084,21,75,3.35,0.57,9.7,5,2
591,591,6.6,0.39,0.49,1.7,0.07,23,149,3.12,0.5,11.5,6,2
592,592,9,0.45,0.49,2.6,0.084,21,75,3.35,0.57,9.7,5,2
593,593,9.9,0.49,0.58,3.5,0.094,9,43,3.29,0.58,9,5,2
594,594,7.9,0.72,0.17,2.6,0.096,20,38,3.4,0.53,9.5,5,2
595,595,8.9,0.595,0.41,7.9,0.086,30,109,3.27,0.57,9.3,5,2
596,596,12.4,0.4,0.51,2,0.059,6,24,3.04,0.6,9.3,6,2
597,597,11.9,0.58,0.58,1.9,0.071,5,18,3.09,0.63,10,6,2
598,598,8.5,0.585,0.18,2.1,0.078,5,30,3.2,0.48,9.8,6,2
599,599,12.7,0.59,0.45,2.3,0.082,11,22,3,0.7,9.3,6,2
600,600,8.2,0.915,0.27,2.1,0.088,7,23,3.26,0.47,10,4,1
601,601,13.2,0.46,0.52,2.2,0.071,12,35,3.1,0.56,9,6,2
602,602,7.7,0.835,0,2.6,0.081,6,14,3.3,0.52,9.3,5,2
603,603,13.2,0.46,0.52,2.2,0.071,12,35,3.1,0.56,9,6,2
604,604,8.3,0.58,0.13,2.9,0.096,14,63,3.17,0.62,9.1,6,2
605,605,8.3,0.6,0.13,2.6,0.085,6,24,3.31,0.59,9.2,6,2
606,606,9.4,0.41,0.48,4.6,0.072,10,20,3.34,0.79,12.2,7,3
607,607,8.8,0.48,0.41,3.3,0.092,26,52,3.31,0.53,10.5,6,2
608,608,10.1,0.65,0.37,5.1,0.11,11,65,3.32,0.64,10.4,6,2
609,609,6.3,0.36,0.19,3.2,0.075,15,39,3.56,0.52,12.7,6,2
610,610,8.8,0.24,0.54,2.5,0.083,25,57,3.39,0.54,9.2,5,2
611,611,13.2,0.38,0.55,2.7,0.081,5,16,2.98,0.54,9.4,5,2
612,612,7.5,0.64,0,2.4,0.077,18,29,3.32,0.6,10,6,2
613,613,8.2,0.39,0.38,1.5,0.058,10,29,3.26,0.74,9.8,5,2
614,614,9.2,0.755,0.18,2.2,0.148,10,103,2.87,1.36,10.2,6,2
615,615,9.6,0.6,0.5,2.3,0.079,28,71,3.5,0.57,9.7,5,2
616,616,9.6,0.6,0.5,2.3,0.079,28,71,3.5,0.57,9.7,5,2
617,617,11.5,0.31,0.51,2.2,0.079,14,28,3.03,0.93,9.8,6,2
618,618,11.4,0.46,0.5,2.7,0.122,4,17,3.13,0.7,10.2,5,2
619,619,11.3,0.37,0.41,2.3,0.088,6,16,3.09,0.8,9.3,5,2
620,620,8.3,0.54,0.24,3.4,0.076,16,112,3.27,0.61,9.4,5,2
621,621,8.2,0.56,0.23,3.4,0.078,14,104,3.28,0.62,9.4,5,2
622,622,10,0.58,0.22,1.9,0.08,9,32,3.13,0.55,9.5,5,2
623,623,7.9,0.51,0.25,2.9,0.077,21,45,3.49,0.96,12.1,6,2
624,624,6.8,0.69,0,5.6,0.124,21,58,3.46,0.72,10.2,5,2
625,625,6.8,0.69,0,5.6,0.124,21,58,3.46,0.72,10.2,5,2
626,626,8.8,0.6,0.29,2.2,0.098,5,15,3.36,0.49,9.1,5,2
627,627,8.8,0.6,0.29,2.2,0.098,5,15,3.36,0.49,9.1,5,2
628,628,8.7,0.54,0.26,2.5,0.097,7,31,3.27,0.6,9.3,6,2
629,629,7.6,0.685,0.23,2.3,0.111,20,84,3.21,0.61,9.3,5,2
630,630,8.7,0.54,0.26,2.5,0.097,7,31,3.27,0.6,9.3,6,2
631,631,10.4,0.28,0.54,2.7,0.105,5,19,3.25,0.63,9.5,5,2
632,632,7.6,0.41,0.14,3,0.087,21,43,3.32,0.57,10.5,6,2
633,633,10.1,0.935,0.22,3.4,0.105,11,86,3.43,0.64,11.3,4,1
634,634,7.9,0.35,0.21,1.9,0.073,46,102,3.27,0.58,9.5,5,2
635,635,8.7,0.84,0,1.4,0.065,24,33,3.27,0.55,9.7,5,2
636,636,9.6,0.88,0.28,2.4,0.086,30,147,3.24,0.53,9.4,5,2
637,637,9.5,0.885,0.27,2.3,0.084,31,145,3.24,0.53,9.4,5,2
638,638,7.7,0.915,0.12,2.2,0.143,7,23,3.35,0.65,10.2,7,3
639,639,8.9,0.29,0.35,1.9,0.067,25,57,3.18,1.36,10.3,6,2
640,640,9.9,0.54,0.45,2.3,0.071,16,40,3.39,0.62,9.4,5,2
641,641,9.5,0.59,0.44,2.3,0.071,21,68,3.46,0.63,9.5,5,2
642,642,9.9,0.54,0.45,2.3,0.071,16,40,3.39,0.62,9.4,5,2
643,643,9.5,0.59,0.44,2.3,0.071,21,68,3.46,0.63,9.5,5,2
644,644,9.9,0.54,0.45,2.3,0.071,16,40,3.39,0.62,9.4,5,2
645,645,7.8,0.64,0.1,6,0.115,5,11,3.37,0.69,10.1,7,3
646,646,7.3,0.67,0.05,3.6,0.107,6,20,3.4,0.63,10.1,5,2
647,647,8.3,0.845,0.01,2.2,0.07,5,14,3.32,0.58,11,4,1
648,648,8.7,0.48,0.3,2.8,0.066,10,28,3.33,0.67,11.2,7,3
649,649,6.7,0.42,0.27,8.6,0.068,24,148,3.16,0.57,11.3,6,2
650,650,10.7,0.43,0.39,2.2,0.106,8,32,2.89,0.5,9.6,5,2
651,651,9.8,0.88,0.25,2.5,0.104,35,155,3.41,0.67,11.2,5,2
652,652,15.9,0.36,0.65,7.5,0.096,22,71,2.98,0.84,14.9,5,2
653,653,9.4,0.33,0.59,2.8,0.079,9,30,3.12,0.54,12,6,2
654,654,8.6,0.47,0.47,2.4,0.074,7,29,3.08,0.46,9.5,5,2
655,655,9.7,0.55,0.17,2.9,0.087,20,53,3.14,0.61,9.4,5,2
656,656,10.7,0.43,0.39,2.2,0.106,8,32,2.89,0.5,9.6,5,2
657,657,12,0.5,0.59,1.4,0.073,23,42,2.92,0.68,10.5,7,3
658,658,7.2,0.52,0.07,1.4,0.074,5,20,3.32,0.81,9.6,6,2
659,659,7.1,0.84,0.02,4.4,0.096,5,13,3.41,0.57,11,4,1
660,660,7.2,0.52,0.07,1.4,0.074,5,20,3.32,0.81,9.6,6,2
661,661,7.5,0.42,0.31,1.6,0.08,15,42,3.31,0.64,9,5,2
662,662,7.2,0.57,0.06,1.6,0.076,9,27,3.36,0.7,9.6,6,2
663,663,10.1,0.28,0.46,1.8,0.05,5,13,3.04,0.79,10.2,6,2
664,664,12.1,0.4,0.52,2,0.092,15,54,3.03,0.66,10.2,5,2
665,665,9.4,0.59,0.14,2,0.084,25,48,3.14,0.56,9.7,5,2
666,666,8.3,0.49,0.36,1.8,0.222,6,16,3.18,0.6,9.5,6,2
667,667,11.3,0.34,0.45,2,0.082,6,15,2.94,0.66,9.2,6,2
668,668,10,0.73,0.43,2.3,0.059,15,31,3.15,0.57,11,5,2
669,669,11.3,0.34,0.45,2,0.082,6,15,2.94,0.66,9.2,6,2
670,670,6.9,0.4,0.24,2.5,0.083,30,45,3.26,0.58,10,5,2
671,671,8.2,0.73,0.21,1.7,0.074,5,13,3.2,0.52,9.5,5,2
672,672,9.8,1.24,0.34,2,0.079,32,151,3.15,0.53,9.5,5,2
673,673,8.2,0.73,0.21,1.7,0.074,5,13,3.2,0.52,9.5,5,2
674,674,10.8,0.4,0.41,2.2,0.084,7,17,3.08,0.67,9.3,6,2
675,675,9.3,0.41,0.39,2.2,0.064,12,31,3.26,0.65,10.2,5,2
676,676,10.8,0.4,0.41,2.2,0.084,7,17,3.08,0.67,9.3,6,2
677,677,8.6,0.8,0.11,2.3,0.084,12,31,3.4,0.48,9.9,5,2
678,678,8.3,0.78,0.1,2.6,0.081,45,87,3.48,0.53,10,5,2
679,679,10.8,0.26,0.45,3.3,0.06,20,49,3.13,0.54,9.6,5,2
680,680,13.3,0.43,0.58,1.9,0.07,15,40,3.06,0.49,9,5,2
681,681,8,0.45,0.23,2.2,0.094,16,29,3.21,0.49,10.2,6,2
682,682,8.5,0.46,0.31,2.25,0.078,32,58,3.33,0.54,9.8,5,2
683,683,8.1,0.78,0.23,2.6,0.059,5,15,3.37,0.56,11.3,5,2
684,684,9.8,0.98,0.32,2.3,0.078,35,152,3.25,0.48,9.4,5,2
685,685,8.1,0.78,0.23,2.6,0.059,5,15,3.37,0.56,11.3,5,2
686,686,7.1,0.65,0.18,1.8,0.07,13,40,3.44,0.6,9.1,5,2
687,687,9.1,0.64,0.23,3.1,0.095,13,38,3.28,0.59,9.7,5,2
688,688,7.7,0.66,0.04,1.6,0.039,4,9,3.4,0.47,9.4,5,2
689,689,8.1,0.38,0.48,1.8,0.157,5,17,3.3,1.05,9.4,5,2
690,690,7.4,1.185,0,4.25,0.097,5,14,3.63,0.54,10.7,3,1
691,691,9.2,0.92,0.24,2.6,0.087,12,93,3.48,0.54,9.8,5,2
692,692,8.6,0.49,0.51,2,0.422,16,62,3.03,1.17,9,5,2
693,693,9,0.48,0.32,2.8,0.084,21,122,3.32,0.62,9.4,5,2
694,694,9,0.47,0.31,2.7,0.084,24,125,3.31,0.61,9.4,5,2
695,695,5.1,0.47,0.02,1.3,0.034,18,44,3.9,0.62,12.8,6,2
696,696,7,0.65,0.02,2.1,0.066,8,25,3.47,0.67,9.5,6,2
697,697,7,0.65,0.02,2.1,0.066,8,25,3.47,0.67,9.5,6,2
698,698,9.4,0.615,0.28,3.2,0.087,18,72,3.31,0.53,9.7,5,2
699,699,11.8,0.38,0.55,2.1,0.071,5,19,3.11,0.62,10.8,6,2
700,700,10.6,1.02,0.43,2.9,0.076,26,88,3.08,0.57,10.1,6,2
701,701,7,0.65,0.02,2.1,0.066,8,25,3.47,0.67,9.5,6,2
702,702,7,0.64,0.02,2.1,0.067,9,23,3.47,0.67,9.4,6,2
703,703,7.5,0.38,0.48,2.6,0.073,22,84,3.32,0.7,9.6,4,1
704,704,9.1,0.765,0.04,1.6,0.078,4,14,3.29,0.54,9.7,4,1
705,705,8.4,1.035,0.15,6,0.073,11,54,3.37,0.49,9.9,5,2
706,706,7,0.78,0.08,2,0.093,10,19,3.4,0.47,10,5,2
707,707,7.4,0.49,0.19,3,0.077,16,37,3.37,0.51,10.5,5,2
708,708,7.8,0.545,0.12,2.5,0.068,11,35,3.34,0.61,11.6,6,2
709,709,9.7,0.31,0.47,1.6,0.062,13,33,3.27,0.66,10,6,2
710,710,10.6,1.025,0.43,2.8,0.08,21,84,3.06,0.57,10.1,5,2
711,711,8.9,0.565,0.34,3,0.093,16,112,3.38,0.61,9.5,5,2
712,712,8.7,0.69,0,3.2,0.084,13,33,3.36,0.45,9.4,5,2
713,713,8,0.43,0.36,2.3,0.075,10,48,3.34,0.46,9.4,5,2
714,714,9.9,0.74,0.28,2.6,0.078,21,77,3.28,0.51,9.8,5,2
715,715,7.2,0.49,0.18,2.7,0.069,13,34,3.29,0.48,9.2,6,2
716,716,8,0.43,0.36,2.3,0.075,10,48,3.34,0.46,9.4,5,2
717,717,7.6,0.46,0.11,2.6,0.079,12,49,3.21,0.57,10,5,2
718,718,8.4,0.56,0.04,2,0.082,10,22,3.22,0.44,9.6,5,2
719,719,7.1,0.66,0,3.9,0.086,17,45,3.46,0.54,9.5,5,2
720,720,8.4,0.56,0.04,2,0.082,10,22,3.22,0.44,9.6,5,2
721,721,8.9,0.48,0.24,2.85,0.094,35,106,3.1,0.53,9.2,5,2
722,722,7.6,0.42,0.08,2.7,0.084,15,48,3.21,0.59,10,5,2
723,723,7.1,0.31,0.3,2.2,0.053,36,127,2.94,1.62,9.5,5,2
724,724,7.5,1.115,0.1,3.1,0.086,5,12,3.54,0.6,11.2,4,1
725,725,9,0.66,0.17,3,0.077,5,13,3.29,0.55,10.4,5,2
726,726,8.1,0.72,0.09,2.8,0.084,18,49,3.43,0.72,11.1,6,2
727,727,6.4,0.57,0.02,1.8,0.067,4,11,3.46,0.68,9.5,5,2
728,728,6.4,0.57,0.02,1.8,0.067,4,11,3.46,0.68,9.5,5,2
729,729,6.4,0.865,0.03,3.2,0.071,27,58,3.61,0.49,12.7,6,2
730,730,9.5,0.55,0.66,2.3,0.387,12,37,3.17,0.67,9.6,5,2
731,731,8.9,0.875,0.13,3.45,0.088,4,14,3.44,0.52,11.5,5,2
732,732,7.3,0.835,0.03,2.1,0.092,10,19,3.39,0.47,9.6,5,2
733,733,7,0.45,0.34,2.7,0.082,16,72,3.55,0.6,9.5,5,2
734,734,7.7,0.56,0.2,2,0.075,9,39,3.48,0.62,9.3,5,2
735,735,7.7,0.965,0.1,2.1,0.112,11,22,3.26,0.5,9.5,5,2
736,736,7.7,0.965,0.1,2.1,0.112,11,22,3.26,0.5,9.5,5,2
737,737,8.2,0.59,0,2.5,0.093,19,58,3.5,0.65,9.3,6,2
738,738,9,0.46,0.23,2.8,0.092,28,104,3.1,0.56,9.2,5,2
739,739,9,0.69,0,2.4,0.088,19,38,3.35,0.6,9.3,5,2
740,740,8.3,0.76,0.29,4.2,0.075,12,16,3.45,0.68,11.5,6,2
741,741,9.2,0.53,0.24,2.6,0.078,28,139,3.21,0.57,9.5,5,2
742,742,6.5,0.615,0,1.9,0.065,9,18,3.46,0.65,9.2,5,2
743,743,11.6,0.41,0.58,2.8,0.096,25,101,3.13,0.53,10,5,2
744,744,11.1,0.39,0.54,2.7,0.095,21,101,3.13,0.51,9.5,5,2
745,745,7.3,0.51,0.18,2.1,0.07,12,28,3.52,0.73,9.5,6,2
746,746,8.2,0.34,0.38,2.5,0.08,12,57,3.3,0.47,9,6,2
747,747,8.6,0.33,0.4,2.6,0.083,16,68,3.3,0.48,9.4,5,2
748,748,7.2,0.5,0.18,2.1,0.071,12,31,3.52,0.72,9.6,6,2
749,749,7.3,0.51,0.18,2.1,0.07,12,28,3.52,0.73,9.5,6,2
750,750,8.3,0.65,0.1,2.9,0.089,17,40,3.29,0.55,9.5,5,2
751,751,8.3,0.65,0.1,2.9,0.089,17,40,3.29,0.55,9.5,5,2
752,752,7.6,0.54,0.13,2.5,0.097,24,66,3.39,0.61,9.4,5,2
753,753,8.3,0.65,0.1,2.9,0.089,17,40,3.29,0.55,9.5,5,2
754,754,7.8,0.48,0.68,1.7,0.415,14,32,3.09,1.06,9.1,6,2
755,755,7.8,0.91,0.07,1.9,0.058,22,47,3.51,0.43,10.7,6,2
756,756,6.3,0.98,0.01,2,0.057,15,33,3.6,0.46,11.2,6,2
757,757,8.1,0.87,0,2.2,0.084,10,31,3.25,0.5,9.8,5,2
758,758,8.1,0.87,0,2.2,0.084,10,31,3.25,0.5,9.8,5,2
759,759,8.8,0.42,0.21,2.5,0.092,33,88,3.19,0.52,9.2,5,2
760,760,9,0.58,0.25,2.8,0.075,9,104,3.23,0.57,9.7,5,2
761,761,9.3,0.655,0.26,2,0.096,5,35,3.25,0.42,9.6,5,2
762,762,8.8,0.7,0,1.7,0.069,8,19,3.31,0.53,10,6,2
763,763,9.3,0.655,0.26,2,0.096,5,35,3.25,0.42,9.6,5,2
764,764,9.1,0.68,0.11,2.8,0.093,11,44,3.31,0.55,9.5,6,2
765,765,9.2,0.67,0.1,3,0.091,12,48,3.31,0.54,9.5,6,2
766,766,8.8,0.59,0.18,2.9,0.089,12,74,3.14,0.54,9.4,5,2
767,767,7.5,0.6,0.32,2.7,0.103,13,98,3.45,0.62,9.5,5,2
768,768,7.1,0.59,0.02,2.3,0.082,24,94,3.55,0.53,9.7,6,2
769,769,7.9,0.72,0.01,1.9,0.076,7,32,3.39,0.54,9.6,5,2
770,770,7.1,0.59,0.02,2.3,0.082,24,94,3.55,0.53,9.7,6,2
771,771,9.4,0.685,0.26,2.4,0.082,23,143,3.28,0.55,9.4,5,2
772,772,9.5,0.57,0.27,2.3,0.082,23,144,3.27,0.55,9.4,5,2
773,773,7.9,0.4,0.29,1.8,0.157,1,44,3.3,0.92,9.5,6,2
774,774,7.9,0.4,0.3,1.8,0.157,2,45,3.31,0.91,9.5,6,2
775,775,7.2,1,0,3,0.102,7,16,3.43,0.46,10,5,2
776,776,6.9,0.765,0.18,2.4,0.243,5.5,48,3.4,0.6,10.3,6,2
777,777,6.9,0.635,0.17,2.4,0.241,6,18,3.4,0.59,10.3,6,2
778,778,8.3,0.43,0.3,3.4,0.079,7,34,3.36,0.61,10.5,5,2
779,779,7.1,0.52,0.03,2.6,0.076,21,92,3.5,0.6,9.8,5,2
780,780,7,0.57,0,2,0.19,12,45,3.31,0.6,9.4,6,2
781,781,6.5,0.46,0.14,2.4,0.114,9,37,3.66,0.65,9.8,5,2
782,782,9,0.82,0.05,2.4,0.081,26,96,3.36,0.53,10,5,2
783,783,6.5,0.46,0.14,2.4,0.114,9,37,3.66,0.65,9.8,5,2
784,784,7.1,0.59,0.01,2.5,0.077,20,85,3.55,0.59,9.8,5,2
785,785,9.9,0.35,0.41,2.3,0.083,11,61,3.21,0.5,9.5,5,2
786,786,9.9,0.35,0.41,2.3,0.083,11,61,3.21,0.5,9.5,5,2
787,787,10,0.56,0.24,2.2,0.079,19,58,3.18,0.56,10.1,6,2
788,788,10,0.56,0.24,2.2,0.079,19,58,3.18,0.56,10.1,6,2
789,789,8.6,0.63,0.17,2.9,0.099,21,119,3.09,0.52,9.3,5,2
790,790,7.4,0.37,0.43,2.6,0.082,18,82,3.33,0.68,9.7,6,2
791,791,8.8,0.64,0.17,2.9,0.084,25,130,3.23,0.54,9.6,5,2
792,792,7.1,0.61,0.02,2.5,0.081,17,87,3.48,0.6,9.7,6,2
793,793,7.7,0.6,0,2.6,0.055,7,13,3.38,0.56,10.8,5,2
794,794,10.1,0.27,0.54,2.3,0.065,7,26,3.17,0.53,12.5,6,2
795,795,10.8,0.89,0.3,2.6,0.132,7,60,2.99,1.18,10.2,5,2
796,796,8.7,0.46,0.31,2.5,0.126,24,64,3.1,0.74,9.6,5,2
797,797,9.3,0.37,0.44,1.6,0.038,21,42,3.24,0.81,10.8,7,3
798,798,9.4,0.5,0.34,3.6,0.082,5,14,3.29,0.52,10.7,6,2
799,799,9.4,0.5,0.34,3.6,0.082,5,14,3.29,0.52,10.7,6,2
800,800,7.2,0.61,0.08,4,0.082,26,108,3.25,0.51,9.4,5,2
801,801,8.6,0.55,0.09,3.3,0.068,8,17,3.23,0.44,10,5,2
802,802,5.1,0.585,0,1.7,0.044,14,86,3.56,0.94,12.9,7,3
803,803,7.7,0.56,0.08,2.5,0.114,14,46,3.24,0.66,9.6,6,2
804,804,8.4,0.52,0.22,2.7,0.084,4,18,3.26,0.57,9.9,6,2
805,805,8.2,0.28,0.4,2.4,0.052,4,10,3.33,0.7,12.8,7,3
806,806,8.4,0.25,0.39,2,0.041,4,10,3.27,0.71,12.5,7,3
807,807,8.2,0.28,0.4,2.4,0.052,4,10,3.33,0.7,12.8,7,3
808,808,7.4,0.53,0.12,1.9,0.165,4,12,3.26,0.86,9.2,5,2
809,809,7.6,0.48,0.31,2.8,0.07,4,15,3.22,0.55,10.3,6,2
810,810,7.3,0.49,0.1,2.6,0.068,4,14,3.3,0.47,10.5,5,2
811,811,12.9,0.5,0.55,2.8,0.072,7,24,3.09,0.68,10.9,6,2
812,812,10.8,0.45,0.33,2.5,0.099,20,38,3.24,0.71,10.8,5,2
813,813,6.9,0.39,0.24,2.1,0.102,4,7,3.44,0.58,11.4,4,1
814,814,12.6,0.41,0.54,2.8,0.103,19,41,3.21,0.76,11.3,6,2
815,815,10.8,0.45,0.33,2.5,0.099,20,38,3.24,0.71,10.8,5,2
816,816,9.8,0.51,0.19,3.2,0.081,8,30,3.23,0.58,10.5,6,2
817,817,10.8,0.29,0.42,1.6,0.084,19,27,3.28,0.73,11.9,6,2
818,818,7.1,0.715,0,2.35,0.071,21,47,3.29,0.45,9.4,5,2
819,819,9.1,0.66,0.15,3.2,0.097,9,59,3.28,0.54,9.6,5,2
820,820,7,0.685,0,1.9,0.099,9,22,3.34,0.6,9.7,5,2
821,821,4.9,0.42,0,2.1,0.048,16,42,3.71,0.74,14,7,3
822,822,6.7,0.54,0.13,2,0.076,15,36,3.61,0.64,9.8,5,2
823,823,6.7,0.54,0.13,2,0.076,15,36,3.61,0.64,9.8,5,2
824,824,7.1,0.48,0.28,2.8,0.068,6,16,3.24,0.53,10.3,5,2
825,825,7.1,0.46,0.14,2.8,0.076,15,37,3.36,0.49,10.7,5,2
826,826,7.5,0.27,0.34,2.3,0.05,4,8,3.4,0.64,11,7,3
827,827,7.1,0.46,0.14,2.8,0.076,15,37,3.36,0.49,10.7,5,2
828,828,7.8,0.57,0.09,2.3,0.065,34,45,3.46,0.74,12.7,8,3
829,829,5.9,0.61,0.08,2.1,0.071,16,24,3.56,0.77,11.1,6,2
830,830,7.5,0.685,0.07,2.5,0.058,5,9,3.38,0.55,10.9,4,1
831,831,5.9,0.61,0.08,2.1,0.071,16,24,3.56,0.77,11.1,6,2
832,832,10.4,0.44,0.42,1.5,0.145,34,48,3.38,0.86,9.9,3,1
833,833,11.6,0.47,0.44,1.6,0.147,36,51,3.38,0.86,9.9,4,1
834,834,8.8,0.685,0.26,1.6,0.088,16,23,3.32,0.47,9.4,5,2
835,835,7.6,0.665,0.1,1.5,0.066,27,55,3.39,0.51,9.3,5,2
836,836,6.7,0.28,0.28,2.4,0.012,36,100,3.26,0.39,11.7,7,3
837,837,6.7,0.28,0.28,2.4,0.012,36,100,3.26,0.39,11.7,7,3
838,838,10.1,0.31,0.35,1.6,0.075,9,28,3.24,0.83,11.2,7,3
839,839,6,0.5,0.04,2.2,0.092,13,26,3.46,0.47,10,5,2
840,840,11.1,0.42,0.47,2.65,0.085,9,34,3.24,0.77,12.1,7,3
841,841,6.6,0.66,0,3,0.115,21,31,3.45,0.63,10.3,5,2
842,842,10.6,0.5,0.45,2.6,0.119,34,68,3.23,0.72,10.9,6,2
843,843,7.1,0.685,0.35,2,0.088,9,92,3.28,0.62,9.4,5,2
844,844,9.9,0.25,0.46,1.7,0.062,26,42,3.18,0.83,10.6,6,2
845,845,6.4,0.64,0.21,1.8,0.081,14,31,3.59,0.66,9.8,5,2
846,846,6.4,0.64,0.21,1.8,0.081,14,31,3.59,0.66,9.8,5,2
847,847,7.4,0.68,0.16,1.8,0.078,12,39,3.5,0.7,9.9,6,2
848,848,6.4,0.64,0.21,1.8,0.081,14,31,3.59,0.66,9.8,5,2
849,849,6.4,0.63,0.21,1.6,0.08,12,32,3.58,0.66,9.8,5,2
850,850,9.3,0.43,0.44,1.9,0.085,9,22,3.28,0.55,9.5,5,2
851,851,9.3,0.43,0.44,1.9,0.085,9,22,3.28,0.55,9.5,5,2
852,852,8,0.42,0.32,2.5,0.08,26,122,3.22,1.07,9.7,5,2
853,853,9.3,0.36,0.39,1.5,0.08,41,55,3.47,0.73,10.9,6,2
854,854,9.3,0.36,0.39,1.5,0.08,41,55,3.47,0.73,10.9,6,2
855,855,7.6,0.735,0.02,2.5,0.071,10,14,3.51,0.71,11.7,7,3
856,856,9.3,0.36,0.39,1.5,0.08,41,55,3.47,0.73,10.9,6,2
857,857,8.2,0.26,0.34,2.5,0.073,16,47,3.4,0.78,11.3,7,3
858,858,11.7,0.28,0.47,1.7,0.054,17,32,3.15,0.67,10.6,7,3
859,859,6.8,0.56,0.22,1.8,0.074,15,24,3.4,0.82,11.2,6,2
860,860,7.2,0.62,0.06,2.7,0.077,15,85,3.51,0.54,9.5,5,2
861,861,5.8,1.01,0.66,2,0.039,15,88,3.66,0.6,11.5,6,2
862,862,7.5,0.42,0.32,2.7,0.067,7,25,3.24,0.44,10.4,5,2
863,863,7.2,0.62,0.06,2.5,0.078,17,84,3.51,0.53,9.7,5,2
864,864,7.2,0.62,0.06,2.7,0.077,15,85,3.51,0.54,9.5,5,2
865,865,7.2,0.635,0.07,2.6,0.077,16,86,3.51,0.54,9.7,5,2
866,866,6.8,0.49,0.22,2.3,0.071,13,24,3.41,0.83,11.3,6,2
867,867,6.9,0.51,0.23,2,0.072,13,22,3.4,0.84,11.2,6,2
868,868,6.8,0.56,0.22,1.8,0.074,15,24,3.4,0.82,11.2,6,2
869,869,7.6,0.63,0.03,2,0.08,27,43,3.44,0.64,10.9,6,2
870,870,7.7,0.715,0.01,2.1,0.064,31,43,3.41,0.57,11.8,6,2
871,871,6.9,0.56,0.03,1.5,0.086,36,46,3.53,0.57,10.6,5,2
872,872,7.3,0.35,0.24,2,0.067,28,48,3.43,0.54,10,4,1
873,873,9.1,0.21,0.37,1.6,0.067,6,10,3.23,0.58,11.1,7,3
874,874,10.4,0.38,0.46,2.1,0.104,6,10,3.12,0.65,11.8,7,3
875,875,8.8,0.31,0.4,2.8,0.109,7,16,3.31,0.79,11.8,7,3
876,876,7.1,0.47,0,2.2,0.067,7,14,3.4,0.58,10.9,4,1
877,877,7.7,0.715,0.01,2.1,0.064,31,43,3.41,0.57,11.8,6,2
878,878,8.8,0.61,0.19,4,0.094,30,69,3.22,0.5,10,6,2
879,879,7.2,0.6,0.04,2.5,0.076,18,88,3.53,0.55,9.5,5,2
880,880,9.2,0.56,0.18,1.6,0.078,10,21,3.15,0.49,9.9,5,2
881,881,7.6,0.715,0,2.1,0.068,30,35,3.48,0.65,11.4,6,2
882,882,8.4,0.31,0.29,3.1,0.194,14,26,3.22,0.78,12,6,2
883,883,7.2,0.6,0.04,2.5,0.076,18,88,3.53,0.55,9.5,5,2
884,884,8.8,0.61,0.19,4,0.094,30,69,3.22,0.5,10,6,2
885,885,8.9,0.75,0.14,2.5,0.086,9,30,3.34,0.64,10.5,5,2
886,886,9,0.8,0.12,2.4,0.083,8,28,3.33,0.65,10.4,6,2
887,887,10.7,0.52,0.38,2.6,0.066,29,56,3.15,0.79,12.1,7,3
888,888,6.8,0.57,0,2.5,0.072,32,64,3.43,0.56,11.2,6,2
889,889,10.7,0.9,0.34,6.6,0.112,23,99,3.22,0.68,9.3,5,2
890,890,7.2,0.34,0.24,2,0.071,30,52,3.44,0.58,10.1,5,2
891,891,7.2,0.66,0.03,2.3,0.078,16,86,3.53,0.57,9.7,5,2
892,892,10.1,0.45,0.23,1.9,0.082,10,18,3.22,0.65,9.3,6,2
893,893,7.2,0.66,0.03,2.3,0.078,16,86,3.53,0.57,9.7,5,2
894,894,7.2,0.63,0.03,2.2,0.08,17,88,3.53,0.58,9.8,6,2
895,895,7.1,0.59,0.01,2.3,0.08,27,43,3.42,0.58,10.7,6,2
896,896,8.3,0.31,0.39,2.4,0.078,17,43,3.31,0.77,12.5,7,3
897,897,7.1,0.59,0.01,2.3,0.08,27,43,3.42,0.58,10.7,6,2
898,898,8.3,0.31,0.39,2.4,0.078,17,43,3.31,0.77,12.5,7,3
899,899,8.3,1.02,0.02,3.4,0.084,6,11,3.48,0.49,11,3,1
900,900,8.9,0.31,0.36,2.6,0.056,10,39,3.4,0.69,11.8,5,2
901,901,7.4,0.635,0.1,2.4,0.08,16,33,3.58,0.69,10.8,7,3
902,902,7.4,0.635,0.1,2.4,0.08,16,33,3.58,0.69,10.8,7,3
903,903,6.8,0.59,0.06,6,0.06,11,18,3.41,0.59,10.8,7,3
904,904,6.8,0.59,0.06,6,0.06,11,18,3.41,0.59,10.8,7,3
905,905,9.2,0.58,0.2,3,0.081,15,115,3.23,0.59,9.5,5,2
906,906,7.2,0.54,0.27,2.6,0.084,12,78,3.39,0.71,11,5,2
907,907,6.1,0.56,0,2.2,0.079,6,9,3.59,0.54,11.5,6,2
908,908,7.4,0.52,0.13,2.4,0.078,34,61,3.43,0.59,10.8,6,2
909,909,7.3,0.305,0.39,1.2,0.059,7,11,3.29,0.52,11.5,6,2
910,910,9.3,0.38,0.48,3.8,0.132,3,11,3.23,0.57,13.2,6,2
911,911,9.1,0.28,0.46,9,0.114,3,9,3.18,0.6,10.9,6,2
912,912,10,0.46,0.44,2.9,0.065,4,8,3.33,0.62,12.2,6,2
913,913,9.4,0.395,0.46,4.6,0.094,3,10,3.27,0.64,12.2,7,3
914,914,7.3,0.305,0.39,1.2,0.059,7,11,3.29,0.52,11.5,6,2
915,915,8.6,0.315,0.4,2.2,0.079,3,6,3.27,0.67,11.9,6,2
916,916,5.3,0.715,0.19,1.5,0.161,7,62,3.62,0.61,11,5,2
917,917,6.8,0.41,0.31,8.8,0.084,26,45,3.38,0.64,10.1,6,2
918,918,8.4,0.36,0.32,2.2,0.081,32,79,3.3,0.72,11,6,2
919,919,8.4,0.62,0.12,1.8,0.072,38,46,3.38,0.89,11.8,6,2
920,920,9.6,0.41,0.37,2.3,0.091,10,23,3.24,0.56,10.5,5,2
921,921,8.4,0.36,0.32,2.2,0.081,32,79,3.3,0.72,11,6,2
922,922,8.4,0.62,0.12,1.8,0.072,38,46,3.38,0.89,11.8,6,2
923,923,6.8,0.41,0.31,8.8,0.084,26,45,3.38,0.64,10.1,6,2
924,924,8.6,0.47,0.27,2.3,0.055,14,28,3.18,0.8,11.2,5,2
925,925,8.6,0.22,0.36,1.9,0.064,53,77,3.47,0.87,11,7,3
926,926,9.4,0.24,0.33,2.3,0.061,52,73,3.47,0.9,10.2,6,2
927,927,8.4,0.67,0.19,2.2,0.093,11,75,3.2,0.59,9.2,4,1
928,928,8.6,0.47,0.27,2.3,0.055,14,28,3.18,0.8,11.2,5,2
929,929,8.7,0.33,0.38,3.3,0.063,10,19,3.3,0.73,12,7,3
930,930,6.6,0.61,0.01,1.9,0.08,8,25,3.69,0.73,10.5,5,2
931,931,7.4,0.61,0.01,2,0.074,13,38,3.48,0.65,9.8,5,2
932,932,7.6,0.4,0.29,1.9,0.078,29,66,3.45,0.59,9.5,6,2
933,933,7.4,0.61,0.01,2,0.074,13,38,3.48,0.65,9.8,5,2
934,934,6.6,0.61,0.01,1.9,0.08,8,25,3.69,0.73,10.5,5,2
935,935,8.8,0.3,0.38,2.3,0.06,19,72,3.39,0.72,11.8,6,2
936,936,8.8,0.3,0.38,2.3,0.06,19,72,3.39,0.72,11.8,6,2
937,937,12,0.63,0.5,1.4,0.071,6,26,3.07,0.6,10.4,4,1
938,938,7.2,0.38,0.38,2.8,0.068,23,42,3.34,0.72,12.9,7,3
939,939,6.2,0.46,0.17,1.6,0.073,7,11,3.61,0.54,11.4,5,2
940,940,9.6,0.33,0.52,2.2,0.074,13,25,3.36,0.76,12.4,7,3
941,941,9.9,0.27,0.49,5,0.082,9,17,3.19,0.52,12.5,7,3
942,942,10.1,0.43,0.4,2.6,0.092,13,52,3.22,0.64,10,7,3
943,943,9.8,0.5,0.34,2.3,0.094,10,45,3.24,0.6,9.7,7,3
944,944,8.3,0.3,0.49,3.8,0.09,11,24,3.27,0.64,12.1,7,3
945,945,10.2,0.44,0.42,2,0.071,7,20,3.14,0.79,11.1,7,3
946,946,10.2,0.44,0.58,4.1,0.092,11,24,3.29,0.99,12,7,3
947,947,8.3,0.28,0.48,2.1,0.093,6,12,3.26,0.62,12.4,7,3
948,948,8.9,0.12,0.45,1.8,0.075,10,21,3.41,0.76,11.9,7,3
949,949,8.9,0.12,0.45,1.8,0.075,10,21,3.41,0.76,11.9,7,3
950,950,8.9,0.12,0.45,1.8,0.075,10,21,3.41,0.76,11.9,7,3
951,951,8.3,0.28,0.48,2.1,0.093,6,12,3.26,0.62,12.4,7,3
952,952,8.2,0.31,0.4,2.2,0.058,6,10,3.31,0.68,11.2,7,3
953,953,10.2,0.34,0.48,2.1,0.052,5,9,3.2,0.69,12.1,7,3
954,954,7.6,0.43,0.4,2.7,0.082,6,11,3.44,0.54,12.2,6,2
955,955,8.5,0.21,0.52,1.9,0.09,9,23,3.36,0.67,10.4,5,2
956,956,9,0.36,0.52,2.1,0.111,5,10,3.31,0.62,11.3,6,2
957,957,9.5,0.37,0.52,2,0.088,12,51,3.29,0.58,11.1,6,2
958,958,6.4,0.57,0.12,2.3,0.12,25,36,3.47,0.71,11.3,7,3
959,959,8,0.59,0.05,2,0.089,12,32,3.36,0.61,10,5,2
960,960,8.5,0.47,0.27,1.9,0.058,18,38,3.16,0.85,11.1,6,2
961,961,7.1,0.56,0.14,1.6,0.078,7,18,3.27,0.62,9.3,5,2
962,962,6.6,0.57,0.02,2.1,0.115,6,16,3.38,0.69,9.5,5,2
963,963,8.8,0.27,0.39,2,0.1,20,27,3.15,0.69,11.2,6,2
964,964,8.5,0.47,0.27,1.9,0.058,18,38,3.16,0.85,11.1,6,2
965,965,8.3,0.34,0.4,2.4,0.065,24,48,3.34,0.86,11,6,2
966,966,9,0.38,0.41,2.4,0.103,6,10,3.13,0.58,11.9,7,3
967,967,8.5,0.66,0.2,2.1,0.097,23,113,3.13,0.48,9.2,5,2
968,968,9,0.4,0.43,2.4,0.068,29,46,3.2,0.6,12.2,6,2
969,969,6.7,0.56,0.09,2.9,0.079,7,22,3.46,0.61,10.2,5,2
970,970,10.4,0.26,0.48,1.9,0.066,6,10,3.33,0.87,10.9,6,2
971,971,10.4,0.26,0.48,1.9,0.066,6,10,3.33,0.87,10.9,6,2
972,972,10.1,0.38,0.5,2.4,0.104,6,13,3.22,0.65,11.6,7,3
973,973,8.5,0.34,0.44,1.7,0.079,6,12,3.52,0.63,10.7,5,2
974,974,8.8,0.33,0.41,5.9,0.073,7,13,3.3,0.62,12.1,7,3
975,975,7.2,0.41,0.3,2.1,0.083,35,72,3.44,0.52,9.4,5,2
976,976,7.2,0.41,0.3,2.1,0.083,35,72,3.44,0.52,9.4,5,2
977,977,8.4,0.59,0.29,2.6,0.109,31,119,3.15,0.5,9.1,5,2
978,978,7,0.4,0.32,3.6,0.061,9,29,3.28,0.49,11.3,7,3
979,979,12.2,0.45,0.49,1.4,0.075,3,6,3.13,0.63,10.4,5,2
980,980,9.1,0.5,0.3,1.9,0.065,8,17,3.32,0.71,10.5,6,2
981,981,9.5,0.86,0.26,1.9,0.079,13,28,3.25,0.62,10,5,2
982,982,7.3,0.52,0.32,2.1,0.07,51,70,3.34,0.82,12.9,6,2
983,983,9.1,0.5,0.3,1.9,0.065,8,17,3.32,0.71,10.5,6,2
984,984,12.2,0.45,0.49,1.4,0.075,3,6,3.13,0.63,10.4,5,2
985,985,7.4,0.58,0,2,0.064,7,11,3.45,0.58,11.3,6,2
986,986,9.8,0.34,0.39,1.4,0.066,3,7,3.19,0.55,11.4,7,3
987,987,7.1,0.36,0.3,1.6,0.08,35,70,3.44,0.5,9.4,5,2
988,988,7.7,0.39,0.12,1.7,0.097,19,27,3.16,0.49,9.4,5,2
989,989,9.7,0.295,0.4,1.5,0.073,14,21,3.14,0.51,10.9,6,2
990,990,7.7,0.39,0.12,1.7,0.097,19,27,3.16,0.49,9.4,5,2
991,991,7.1,0.34,0.28,2,0.082,31,68,3.45,0.48,9.4,5,2
992,992,6.5,0.4,0.1,2,0.076,30,47,3.36,0.48,9.4,6,2
993,993,7.1,0.34,0.28,2,0.082,31,68,3.45,0.48,9.4,5,2
994,994,10,0.35,0.45,2.5,0.092,20,88,3.15,0.43,9.4,5,2
995,995,7.7,0.6,0.06,2,0.079,19,41,3.39,0.62,10.1,6,2
996,996,5.6,0.66,0,2.2,0.087,3,11,3.71,0.63,12.8,7,3
997,997,5.6,0.66,0,2.2,0.087,3,11,3.71,0.63,12.8,7,3
998,998,8.9,0.84,0.34,1.4,0.05,4,10,3.12,0.48,9.1,6,2
999,999,6.4,0.69,0,1.65,0.055,7,12,3.47,0.53,12.9,6,2
1000,1000,7.5,0.43,0.3,2.2,0.062,6,12,3.44,0.72,11.5,7,3
1001,1001,9.9,0.35,0.38,1.5,0.058,31,47,3.26,0.82,10.6,7,3
1002,1002,9.1,0.29,0.33,2.05,0.063,13,27,3.26,0.84,11.7,7,3
1003,1003,6.8,0.36,0.32,1.8,0.067,4,8,3.36,0.55,12.8,7,3
1004,1004,8.2,0.43,0.29,1.6,0.081,27,45,3.25,0.54,10.3,5,2
1005,1005,6.8,0.36,0.32,1.8,0.067,4,8,3.36,0.55,12.8,7,3
1006,1006,9.1,0.29,0.33,2.05,0.063,13,27,3.26,0.84,11.7,7,3
1007,1007,9.1,0.3,0.34,2,0.064,12,25,3.26,0.84,11.7,7,3
1008,1008,8.9,0.35,0.4,3.6,0.11,12,24,3.23,0.7,12,7,3
1009,1009,9.6,0.5,0.36,2.8,0.116,26,55,3.18,0.68,10.9,5,2
1010,1010,8.9,0.28,0.45,1.7,0.067,7,12,3.25,0.55,12.3,7,3
1011,1011,8.9,0.32,0.31,2,0.088,12,19,3.17,0.55,10.4,6,2
1012,1012,7.7,1.005,0.15,2.1,0.102,11,32,3.23,0.48,10,5,2
1013,1013,7.5,0.71,0,1.6,0.092,22,31,3.38,0.58,10,6,2
1014,1014,8,0.58,0.16,2,0.12,3,7,3.22,0.58,11.2,6,2
1015,1015,10.5,0.39,0.46,2.2,0.075,14,27,3.06,0.84,11.4,6,2
1016,1016,8.9,0.38,0.4,2.2,0.068,12,28,3.27,0.75,12.6,7,3
1017,1017,8,0.18,0.37,0.9,0.049,36,109,2.89,0.44,12.7,6,2
1018,1018,8,0.18,0.37,0.9,0.049,36,109,2.89,0.44,12.7,6,2
1019,1019,7,0.5,0.14,1.8,0.078,10,23,3.53,0.61,10.4,5,2
1020,1020,11.3,0.36,0.66,2.4,0.123,3,8,3.2,0.53,11.9,6,2
1021,1021,11.3,0.36,0.66,2.4,0.123,3,8,3.2,0.53,11.9,6,2
1022,1022,7,0.51,0.09,2.1,0.062,4,9,3.35,0.54,10.5,5,2
1023,1023,8.2,0.32,0.42,2.3,0.098,3,9,3.27,0.55,12.3,6,2
1024,1024,7.7,0.58,0.01,1.8,0.088,12,18,3.32,0.56,10.5,7,3
1025,1025,8.6,0.83,0,2.8,0.095,17,43,3.33,0.6,10.4,6,2
1026,1026,7.9,0.31,0.32,1.9,0.066,14,36,3.41,0.56,12.6,6,2
1027,1027,6.4,0.795,0,2.2,0.065,28,52,3.49,0.52,11.6,5,2
1028,1028,7.2,0.34,0.21,2.5,0.075,41,68,3.37,0.54,10.1,6,2
1029,1029,7.7,0.58,0.01,1.8,0.088,12,18,3.32,0.56,10.5,7,3
1030,1030,7.1,0.59,0,2.1,0.091,9,14,3.42,0.55,11.5,7,3
1031,1031,7.3,0.55,0.01,1.8,0.093,9,15,3.35,0.58,11,7,3
1032,1032,8.1,0.82,0,4.1,0.095,5,14,3.36,0.53,9.6,5,2
1033,1033,7.5,0.57,0.08,2.6,0.089,14,27,3.3,0.59,10.4,6,2
1034,1034,8.9,0.745,0.18,2.5,0.077,15,48,3.2,0.47,9.7,6,2
1035,1035,10.1,0.37,0.34,2.4,0.085,5,17,3.17,0.65,10.6,7,3
1036,1036,7.6,0.31,0.34,2.5,0.082,26,35,3.22,0.59,12.5,7,3
1037,1037,7.3,0.91,0.1,1.8,0.074,20,56,3.35,0.56,9.2,5,2
1038,1038,8.7,0.41,0.41,6.2,0.078,25,42,3.24,0.77,12.6,7,3
1039,1039,8.9,0.5,0.21,2.2,0.088,21,39,3.33,0.83,11.1,6,2
1040,1040,7.4,0.965,0,2.2,0.088,16,32,3.58,0.67,10.2,5,2
1041,1041,6.9,0.49,0.19,1.7,0.079,13,26,3.38,0.64,9.8,6,2
1042,1042,8.9,0.5,0.21,2.2,0.088,21,39,3.33,0.83,11.1,6,2
1043,1043,9.5,0.39,0.41,8.9,0.069,18,39,3.29,0.81,10.9,7,3
1044,1044,6.4,0.39,0.33,3.3,0.046,12,53,3.36,0.62,12.2,6,2
1045,1045,6.9,0.44,0,1.4,0.07,32,38,3.32,0.58,11.4,6,2
1046,1046,7.6,0.78,0,1.7,0.076,33,45,3.31,0.62,10.7,6,2
1047,1047,7.1,0.43,0.17,1.8,0.082,27,51,3.49,0.64,10.4,5,2
1048,1048,9.3,0.49,0.36,1.7,0.081,3,14,3.27,0.78,10.9,6,2
1049,1049,9.3,0.5,0.36,1.8,0.084,6,17,3.27,0.77,10.8,6,2
1050,1050,7.1,0.43,0.17,1.8,0.082,27,51,3.49,0.64,10.4,5,2
1051,1051,8.5,0.46,0.59,1.4,0.414,16,45,3.03,1.34,9.2,5,2
1052,1052,5.6,0.605,0.05,2.4,0.073,19,25,3.56,0.55,12.9,5,2
1053,1053,8.3,0.33,0.42,2.3,0.07,9,20,3.38,0.77,12.7,7,3
1054,1054,8.2,0.64,0.27,2,0.095,5,77,3.13,0.62,9.1,6,2
1055,1055,8.2,0.64,0.27,2,0.095,5,77,3.13,0.62,9.1,6,2
1056,1056,8.9,0.48,0.53,4,0.101,3,10,3.21,0.59,12.1,7,3
1057,1057,7.6,0.42,0.25,3.9,0.104,28,90,3.15,0.57,9.1,5,2
1058,1058,9.9,0.53,0.57,2.4,0.093,30,52,3.19,0.76,11.6,7,3
1059,1059,8.9,0.48,0.53,4,0.101,3,10,3.21,0.59,12.1,7,3
1060,1060,11.6,0.23,0.57,1.8,0.074,3,8,3.14,0.7,9.9,6,2
1061,1061,9.1,0.4,0.5,1.8,0.071,7,16,3.21,0.69,12.5,8,3
1062,1062,8,0.38,0.44,1.9,0.098,6,15,3.3,0.64,11.4,6,2
1063,1063,10.2,0.29,0.65,2.4,0.075,6,17,3.22,0.63,11.8,6,2
1064,1064,8.2,0.74,0.09,2,0.067,5,10,3.28,0.57,11.8,6,2
1065,1065,7.7,0.61,0.18,2.4,0.083,6,20,3.29,0.6,10.2,6,2
1066,1066,6.6,0.52,0.08,2.4,0.07,13,26,3.4,0.72,12.5,7,3
1067,1067,11.1,0.31,0.53,2.2,0.06,3,10,3.02,0.83,10.9,7,3
1068,1068,11.1,0.31,0.53,2.2,0.06,3,10,3.02,0.83,10.9,7,3
1069,1069,8,0.62,0.35,2.8,0.086,28,52,3.31,0.62,10.8,5,2
1070,1070,9.3,0.33,0.45,1.5,0.057,19,37,3.18,0.89,11.1,7,3
1071,1071,7.5,0.77,0.2,8.1,0.098,30,92,3.2,0.58,9.2,5,2
1072,1072,7.2,0.35,0.26,1.8,0.083,33,75,3.4,0.58,9.5,6,2
1073,1073,8,0.62,0.33,2.7,0.088,16,37,3.31,0.58,10.7,6,2
1074,1074,7.5,0.77,0.2,8.1,0.098,30,92,3.2,0.58,9.2,5,2
1075,1075,9.1,0.25,0.34,2,0.071,45,67,3.44,0.86,10.2,7,3
1076,1076,9.9,0.32,0.56,2,0.073,3,8,3.15,0.73,11.4,6,2
1077,1077,8.6,0.37,0.65,6.4,0.08,3,8,3.27,0.58,11,5,2
1078,1078,8.6,0.37,0.65,6.4,0.08,3,8,3.27,0.58,11,5,2
1079,1079,7.9,0.3,0.68,8.3,0.05,37.5,128,3.01,0.51,12.3,7,3
1080,1080,10.3,0.27,0.56,1.4,0.047,3,8,3.16,0.51,11.8,6,2
1081,1081,7.9,0.3,0.68,8.3,0.05,37.5,139,3.01,0.51,12.3,7,3
1082,1082,7.2,0.38,0.3,1.8,0.073,31,70,3.42,0.59,9.5,6,2
1083,1083,8.7,0.42,0.45,2.4,0.072,32,59,3.33,0.77,12,6,2
1084,1084,7.2,0.38,0.3,1.8,0.073,31,70,3.42,0.59,9.5,6,2
1085,1085,6.8,0.48,0.08,1.8,0.074,40,64,3.12,0.49,9.6,5,2
1086,1086,8.5,0.34,0.4,4.7,0.055,3,9,3.38,0.66,11.6,7,3
1087,1087,7.9,0.19,0.42,1.6,0.057,18,30,3.29,0.69,11.2,6,2
1088,1088,11.6,0.41,0.54,1.5,0.095,22,41,3.02,0.76,9.9,7,3
1089,1089,11.6,0.41,0.54,1.5,0.095,22,41,3.02,0.76,9.9,7,3
1090,1090,10,0.26,0.54,1.9,0.083,42,74,2.98,0.63,11.8,8,3
1091,1091,7.9,0.34,0.42,2,0.086,8,19,3.35,0.6,11.4,6,2
1092,1092,7,0.54,0.09,2,0.081,10,16,3.43,0.59,11.5,6,2
1093,1093,9.2,0.31,0.36,2.2,0.079,11,31,3.33,0.86,12,7,3
1094,1094,6.6,0.725,0.09,5.5,0.117,9,17,3.35,0.49,10.8,6,2
1095,1095,9.4,0.4,0.47,2.5,0.087,6,20,3.15,0.5,10.5,5,2
1096,1096,6.6,0.725,0.09,5.5,0.117,9,17,3.35,0.49,10.8,6,2
1097,1097,8.6,0.52,0.38,1.5,0.096,5,18,3.2,0.52,9.4,5,2
1098,1098,8,0.31,0.45,2.1,0.216,5,16,3.15,0.81,12.5,7,3
1099,1099,8.6,0.52,0.38,1.5,0.096,5,18,3.2,0.52,9.4,5,2
1100,1100,8.4,0.34,0.42,2.1,0.072,23,36,3.11,0.78,12.4,6,2
1101,1101,7.4,0.49,0.27,2.1,0.071,14,25,3.35,0.63,12,6,2
1102,1102,6.1,0.48,0.09,1.7,0.078,18,30,3.45,0.54,11.2,6,2
1103,1103,7.4,0.49,0.27,2.1,0.071,14,25,3.35,0.63,12,6,2
1104,1104,8,0.48,0.34,2.2,0.073,16,25,3.28,0.66,12.4,6,2
1105,1105,6.3,0.57,0.28,2.1,0.048,13,49,3.41,0.6,12.8,5,2
1106,1106,8.2,0.23,0.42,1.9,0.069,9,17,3.21,0.54,12.3,6,2
1107,1107,9.1,0.3,0.41,2,0.068,10,24,3.27,0.85,11.7,7,3
1108,1108,8.1,0.78,0.1,3.3,0.09,4,13,3.36,0.49,9.5,5,2
1109,1109,10.8,0.47,0.43,2.1,0.171,27,66,3.17,0.76,10.8,6,2
1110,1110,8.3,0.53,0,1.4,0.07,6,14,3.25,0.64,10,6,2
1111,1111,5.4,0.42,0.27,2,0.092,23,55,3.78,0.64,12.3,7,3
1112,1112,7.9,0.33,0.41,1.5,0.056,6,35,3.29,0.71,11,6,2
1113,1113,8.9,0.24,0.39,1.6,0.074,3,10,3.12,0.59,9.5,6,2
1114,1114,5,0.4,0.5,4.3,0.046,29,80,3.49,0.66,13.6,6,2
1115,1115,7,0.69,0.07,2.5,0.091,15,21,3.38,0.6,11.3,6,2
1116,1116,7,0.69,0.07,2.5,0.091,15,21,3.38,0.6,11.3,6,2
1117,1117,7,0.69,0.07,2.5,0.091,15,21,3.38,0.6,11.3,6,2
1118,1118,7.1,0.39,0.12,2.1,0.065,14,24,3.3,0.53,13.3,6,2
1119,1119,5.6,0.66,0,2.5,0.066,7,15,3.52,0.58,12.9,5,2
1120,1120,7.9,0.54,0.34,2.5,0.076,8,17,3.2,0.72,13.1,8,3
1121,1121,6.6,0.5,0,1.8,0.062,21,28,3.44,0.55,12.3,6,2
1122,1122,6.3,0.47,0,1.4,0.055,27,33,3.45,0.48,12.3,6,2
1123,1123,10.7,0.4,0.37,1.9,0.081,17,29,3.12,0.65,11.2,6,2
1124,1124,6.5,0.58,0,2.2,0.096,3,13,3.62,0.62,11.5,4,1
1125,1125,8.8,0.24,0.35,1.7,0.055,13,27,3.14,0.59,11.3,7,3
1126,1126,5.8,0.29,0.26,1.7,0.063,3,11,3.39,0.54,13.5,6,2
1127,1127,6.3,0.76,0,2.9,0.072,26,52,3.51,0.6,11.5,6,2
1128,1128,10,0.43,0.33,2.7,0.095,28,89,3.22,0.68,10,5,2
1129,1129,10.5,0.43,0.35,3.3,0.092,24,70,3.21,0.69,10.5,6,2
1130,1130,9.1,0.6,0,1.9,0.058,5,10,3.18,0.63,10.4,6,2
1131,1131,5.9,0.19,0.21,1.7,0.045,57,135,3.32,0.44,9.5,5,2
1132,1132,7.4,0.36,0.34,1.8,0.075,18,38,3.38,0.88,13.6,7,3
1133,1133,7.2,0.48,0.07,5.5,0.089,10,18,3.37,0.68,11.2,7,3
1134,1134,8.5,0.28,0.35,1.7,0.061,6,15,3.3,0.74,11.8,7,3
1135,1135,8,0.25,0.43,1.7,0.067,22,50,3.38,0.6,11.9,6,2
1136,1136,10.4,0.52,0.45,2,0.08,6,13,3.22,0.76,11.4,6,2
1137,1137,10.4,0.52,0.45,2,0.08,6,13,3.22,0.76,11.4,6,2
1138,1138,7.5,0.41,0.15,3.7,0.104,29,94,3.14,0.58,9.1,5,2
1139,1139,8.2,0.51,0.24,2,0.079,16,86,3.34,0.64,9.5,6,2
1140,1140,7.3,0.4,0.3,1.7,0.08,33,79,3.41,0.65,9.5,6,2
1141,1141,8.2,0.38,0.32,2.5,0.08,24,71,3.27,0.85,11,6,2
1142,1142,6.9,0.45,0.11,2.4,0.043,6,12,3.3,0.65,11.4,6,2
1143,1143,7,0.22,0.3,1.8,0.065,16,20,3.61,0.82,10,6,2
1144,1144,7.3,0.32,0.23,2.3,0.066,35,70,3.43,0.62,10.1,5,2
1145,1145,8.2,0.2,0.43,2.5,0.076,31,51,3.53,0.81,10.4,6,2
1146,1146,7.8,0.5,0.12,1.8,0.178,6,21,3.28,0.87,9.8,6,2
1147,1147,10,0.41,0.45,6.2,0.071,6,14,3.21,0.49,11.8,7,3
1148,1148,7.8,0.39,0.42,2,0.086,9,21,3.39,0.66,11.6,6,2
1149,1149,10,0.35,0.47,2,0.061,6,11,3.23,0.52,12,6,2
1150,1150,8.2,0.33,0.32,2.8,0.067,4,12,3.3,0.76,12.8,7,3
1151,1151,6.1,0.58,0.23,2.5,0.044,16,70,3.46,0.65,12.5,6,2
1152,1152,8.3,0.6,0.25,2.2,0.118,9,38,3.15,0.53,9.8,5,2
1153,1153,9.6,0.42,0.35,2.1,0.083,17,38,3.23,0.66,11.1,6,2
1154,1154,6.6,0.58,0,2.2,0.1,50,63,3.59,0.68,11.4,6,2
1155,1155,8.3,0.6,0.25,2.2,0.118,9,38,3.15,0.53,9.8,5,2
1156,1156,8.5,0.18,0.51,1.75,0.071,45,88,3.33,0.76,11.8,7,3
1157,1157,5.1,0.51,0.18,2.1,0.042,16,101,3.46,0.87,12.9,7,3
1158,1158,6.7,0.41,0.43,2.8,0.076,22,54,3.42,1.16,10.6,6,2
1159,1159,10.2,0.41,0.43,2.2,0.11,11,37,3.16,0.67,10.8,5,2
1160,1160,10.6,0.36,0.57,2.3,0.087,6,20,3.14,0.72,11.1,7,3
1161,1161,8.8,0.45,0.43,1.4,0.076,12,21,3.21,0.75,10.2,6,2
1162,1162,8.5,0.32,0.42,2.3,0.075,12,19,3.14,0.71,11.8,7,3
1163,1163,9,0.785,0.24,1.7,0.078,10,21,3.29,0.67,10,5,2
1164,1164,9,0.785,0.24,1.7,0.078,10,21,3.29,0.67,10,5,2
1165,1165,8.5,0.44,0.5,1.9,0.369,15,38,3.01,1.1,9.4,5,2
1166,1166,9.9,0.54,0.26,2,0.111,7,60,2.94,0.98,10.2,5,2
1167,1167,8.2,0.33,0.39,2.5,0.074,29,48,3.32,0.88,12.4,7,3
1168,1168,6.5,0.34,0.27,2.8,0.067,8,44,3.21,0.56,12,6,2
1169,1169,7.6,0.5,0.29,2.3,0.086,5,14,3.32,0.62,11.5,6,2
1170,1170,9.2,0.36,0.34,1.6,0.062,5,12,3.2,0.67,10.5,6,2
1171,1171,7.1,0.59,0,2.2,0.078,26,44,3.42,0.68,10.8,6,2
1172,1172,9.7,0.42,0.46,2.1,0.074,5,16,3.27,0.74,12.3,6,2
1173,1173,7.6,0.36,0.31,1.7,0.079,26,65,3.46,0.62,9.5,6,2
1174,1174,7.6,0.36,0.31,1.7,0.079,26,65,3.46,0.62,9.5,6,2
1175,1175,6.5,0.61,0,2.2,0.095,48,59,3.61,0.7,11.5,6,2
1176,1176,6.5,0.88,0.03,5.6,0.079,23,47,3.58,0.5,11.2,4,1
1177,1177,7.1,0.66,0,2.4,0.052,6,11,3.35,0.66,12.7,7,3
1178,1178,5.6,0.915,0,2.1,0.041,17,78,3.68,0.73,11.4,5,2
1179,1179,8.2,0.35,0.33,2.4,0.076,11,47,3.27,0.81,11,6,2
1180,1180,8.2,0.35,0.33,2.4,0.076,11,47,3.27,0.81,11,6,2
1181,1181,9.8,0.39,0.43,1.65,0.068,5,11,3.19,0.46,11.4,5,2
1182,1182,10.2,0.4,0.4,2.5,0.068,41,54,3.38,0.86,10.5,6,2
1183,1183,6.8,0.66,0.07,1.6,0.07,16,61,3.29,0.6,9.3,5,2
1184,1184,6.7,0.64,0.23,2.1,0.08,11,119,3.36,0.7,10.9,5,2
1185,1185,7,0.43,0.3,2,0.085,6,39,3.33,0.46,11.9,6,2
1186,1186,6.6,0.8,0.03,7.8,0.079,6,12,3.52,0.5,12.2,5,2
1187,1187,7,0.43,0.3,2,0.085,6,39,3.33,0.46,11.9,6,2
1188,1188,6.7,0.64,0.23,2.1,0.08,11,119,3.36,0.7,10.9,5,2
1189,1189,8.8,0.955,0.05,1.8,0.075,5,19,3.3,0.44,9.6,4,1
1190,1190,9.1,0.4,0.57,4.6,0.08,6,20,3.28,0.57,12.5,6,2
1191,1191,6.5,0.885,0,2.3,0.166,6,12,3.56,0.51,10.8,5,2
1192,1192,7.2,0.25,0.37,2.5,0.063,11,41,3.52,0.8,12.4,7,3
1193,1193,6.4,0.885,0,2.3,0.166,6,12,3.56,0.51,10.8,5,2
1194,1194,7,0.745,0.12,1.8,0.114,15,64,3.22,0.59,9.5,6,2
1195,1195,6.2,0.43,0.22,1.8,0.078,21,56,3.52,0.6,9.5,6,2
1196,1196,7.9,0.58,0.23,2.3,0.076,23,94,3.21,0.58,9.5,6,2
1197,1197,7.7,0.57,0.21,1.5,0.069,4,9,3.16,0.54,9.8,6,2
1198,1198,7.7,0.26,0.26,2,0.052,19,77,3.15,0.79,10.9,6,2
1199,1199,7.9,0.58,0.23,2.3,0.076,23,94,3.21,0.58,9.5,6,2
1200,1200,7.7,0.57,0.21,1.5,0.069,4,9,3.16,0.54,9.8,6,2
1201,1201,7.9,0.34,0.36,1.9,0.065,5,10,3.27,0.54,11.2,7,3
1202,1202,8.6,0.42,0.39,1.8,0.068,6,12,3.35,0.69,11.7,8,3
1203,1203,9.9,0.74,0.19,5.8,0.111,33,76,3.14,0.55,9.4,5,2
1204,1204,7.2,0.36,0.46,2.1,0.074,24,44,3.4,0.85,11,7,3
1205,1205,7.2,0.36,0.46,2.1,0.074,24,44,3.4,0.85,11,7,3
1206,1206,7.2,0.36,0.46,2.1,0.074,24,44,3.4,0.85,11,7,3
1207,1207,9.9,0.72,0.55,1.7,0.136,24,52,3.35,0.94,10,5,2
1208,1208,7.2,0.36,0.46,2.1,0.074,24,44,3.4,0.85,11,7,3
1209,1209,6.2,0.39,0.43,2,0.071,14,24,3.45,0.87,11.2,7,3
1210,1210,6.8,0.65,0.02,2.1,0.078,8,15,3.35,0.62,10.4,6,2
1211,1211,6.6,0.44,0.15,2.1,0.076,22,53,3.32,0.62,9.3,5,2
1212,1212,6.8,0.65,0.02,2.1,0.078,8,15,3.35,0.62,10.4,6,2
1213,1213,9.6,0.38,0.42,1.9,0.071,5,13,3.15,0.75,10.5,6,2
1214,1214,10.2,0.33,0.46,1.9,0.081,6,9,3.1,0.48,10.4,6,2
1215,1215,8.8,0.27,0.46,2.1,0.095,20,29,3.26,0.56,11.3,6,2
1216,1216,7.9,0.57,0.31,2,0.079,10,79,3.29,0.69,9.5,6,2
1217,1217,8.2,0.34,0.37,1.9,0.057,43,74,3.23,0.81,12,6,2
1218,1218,8.2,0.4,0.31,1.9,0.082,8,24,3.24,0.69,10.6,6,2
1219,1219,9,0.39,0.4,1.3,0.044,25,50,3.2,0.83,10.9,6,2
1220,1220,10.9,0.32,0.52,1.8,0.132,17,44,3.28,0.77,11.5,6,2
1221,1221,10.9,0.32,0.52,1.8,0.132,17,44,3.28,0.77,11.5,6,2
1222,1222,8.1,0.53,0.22,2.2,0.078,33,89,3.26,0.46,9.6,6,2
1223,1223,10.5,0.36,0.47,2.2,0.074,9,23,3.23,0.76,12,6,2
1224,1224,12.6,0.39,0.49,2.5,0.08,8,20,3.07,0.82,10.3,6,2
1225,1225,9.2,0.46,0.23,2.6,0.091,18,77,3.15,0.51,9.4,5,2
1226,1226,7.5,0.58,0.03,4.1,0.08,27,46,3.02,0.47,9.2,5,2
1227,1227,9,0.58,0.25,2,0.104,8,21,3.27,0.72,9.6,5,2
1228,1228,5.1,0.42,0,1.8,0.044,18,88,3.68,0.73,13.6,7,3
1229,1229,7.6,0.43,0.29,2.1,0.075,19,66,3.4,0.64,9.5,5,2
1230,1230,7.7,0.18,0.34,2.7,0.066,15,58,3.37,0.78,11.8,6,2
1231,1231,7.8,0.815,0.01,2.6,0.074,48,90,3.38,0.62,10.8,5,2
1232,1232,7.6,0.43,0.29,2.1,0.075,19,66,3.4,0.64,9.5,5,2
1233,1233,10.2,0.23,0.37,2.2,0.057,14,36,3.23,0.49,9.3,4,1
1234,1234,7.1,0.75,0.01,2.2,0.059,11,18,3.39,0.4,12.8,6,2
1235,1235,6,0.33,0.32,12.9,0.054,6,113,3.3,0.56,11.5,4,1
1236,1236,7.8,0.55,0,1.7,0.07,7,17,3.26,0.64,9.4,6,2
1237,1237,7.1,0.75,0.01,2.2,0.059,11,18,3.39,0.4,12.8,6,2
1238,1238,8.1,0.73,0,2.5,0.081,12,24,3.38,0.46,9.6,4,1
1239,1239,6.5,0.67,0,4.3,0.057,11,20,3.45,0.56,11.8,4,1
1240,1240,7.5,0.61,0.2,1.7,0.076,36,60,3.1,0.4,9.3,5,2
1241,1241,9.8,0.37,0.39,2.5,0.079,28,65,3.16,0.59,9.8,5,2
1242,1242,9,0.4,0.41,2,0.058,15,40,3.22,0.6,12.2,6,2
1243,1243,8.3,0.56,0.22,2.4,0.082,10,86,3.37,0.62,9.5,5,2
1244,1244,5.9,0.29,0.25,13.4,0.067,72,160,3.33,0.54,10.3,6,2
1245,1245,7.4,0.55,0.19,1.8,0.082,15,34,3.49,0.68,10.5,5,2
1246,1246,7.4,0.74,0.07,1.7,0.086,15,48,3.12,0.48,10,5,2
1247,1247,7.4,0.55,0.19,1.8,0.082,15,34,3.49,0.68,10.5,5,2
1248,1248,6.9,0.41,0.33,2.2,0.081,22,36,3.41,0.75,11.1,6,2
1249,1249,7.1,0.6,0.01,2.3,0.079,24,37,3.4,0.61,10.9,6,2
1250,1250,7.1,0.6,0.01,2.3,0.079,24,37,3.4,0.61,10.9,6,2
1251,1251,7.5,0.58,0.14,2.2,0.077,27,60,3.28,0.59,9.8,5,2
1252,1252,7.1,0.72,0,1.8,0.123,6,14,3.45,0.58,9.8,5,2
1253,1253,7.9,0.66,0,1.4,0.096,6,13,3.43,0.58,9.5,5,2
1254,1254,7.8,0.7,0.06,1.9,0.079,20,35,3.4,0.69,10.9,5,2
1255,1255,6.1,0.64,0.02,2.4,0.069,26,46,3.47,0.45,11,5,2
1256,1256,7.5,0.59,0.22,1.8,0.082,43,60,3.1,0.42,9.2,5,2
1257,1257,7,0.58,0.28,4.8,0.085,12,69,3.32,0.7,11,6,2
1258,1258,6.8,0.64,0,2.7,0.123,15,33,3.44,0.63,11.3,6,2
1259,1259,6.8,0.64,0,2.7,0.123,15,33,3.44,0.63,11.3,6,2
1260,1260,8.6,0.635,0.68,1.8,0.403,19,56,3.02,1.15,9.3,5,2
1261,1261,6.3,1.02,0,2,0.083,17,24,3.59,0.55,11.2,4,1
1262,1262,9.8,0.45,0.38,2.5,0.081,34,66,3.15,0.58,9.8,5,2
1263,1263,8.2,0.78,0,2.2,0.089,13,26,3.37,0.46,9.6,4,1
1264,1264,8.5,0.37,0.32,1.8,0.066,26,51,3.38,0.72,11.8,6,2
1265,1265,7.2,0.57,0.05,2.3,0.081,16,36,3.38,0.6,10.3,6,2
1266,1266,7.2,0.57,0.05,2.3,0.081,16,36,3.38,0.6,10.3,6,2
1267,1267,10.4,0.43,0.5,2.3,0.068,13,19,3.1,0.87,11.4,6,2
1268,1268,6.9,0.41,0.31,2,0.079,21,51,3.47,0.55,9.5,6,2
1269,1269,5.5,0.49,0.03,1.8,0.044,28,87,3.5,0.82,14,8,3
1270,1270,5,0.38,0.01,1.6,0.048,26,60,3.7,0.75,14,6,2
1271,1271,7.3,0.44,0.2,1.6,0.049,24,64,3.38,0.57,11.7,6,2
1272,1272,5.9,0.46,0,1.9,0.077,25,44,3.5,0.53,11.2,5,2
1273,1273,7.5,0.58,0.2,2,0.073,34,44,3.1,0.43,9.3,5,2
1274,1274,7.8,0.58,0.13,2.1,0.102,17,36,3.24,0.53,11.2,6,2
1275,1275,8,0.715,0.22,2.3,0.075,13,81,3.24,0.54,9.5,6,2
1276,1276,8.5,0.4,0.4,6.3,0.05,3,10,3.28,0.56,12,4,1
1277,1277,7,0.69,0,1.9,0.114,3,10,3.35,0.6,9.7,6,2
1278,1278,8,0.715,0.22,2.3,0.075,13,81,3.24,0.54,9.5,6,2
1279,1279,9.8,0.3,0.39,1.7,0.062,3,9,3.14,0.57,11.5,7,3
1280,1280,7.1,0.46,0.2,1.9,0.077,28,54,3.37,0.64,10.4,6,2
1281,1281,7.1,0.46,0.2,1.9,0.077,28,54,3.37,0.64,10.4,6,2
1282,1282,7.9,0.765,0,2,0.084,9,22,3.33,0.68,10.9,6,2
1283,1283,8.7,0.63,0.28,2.7,0.096,17,69,3.26,0.63,10.2,6,2
1284,1284,7,0.42,0.19,2.3,0.071,18,36,3.39,0.56,10.9,5,2
1285,1285,11.3,0.37,0.5,1.8,0.09,20,47,3.15,0.57,10.5,5,2
1286,1286,7.1,0.16,0.44,2.5,0.068,17,31,3.35,0.54,12.4,6,2
1287,1287,8,0.6,0.08,2.6,0.056,3,7,3.22,0.37,13,5,2
1288,1288,7,0.6,0.3,4.5,0.068,20,110,3.3,1.17,10.2,5,2
1289,1289,7,0.6,0.3,4.5,0.068,20,110,3.3,1.17,10.2,5,2
1290,1290,7.6,0.74,0,1.9,0.1,6,12,3.36,0.59,11,5,2
1291,1291,8.2,0.635,0.1,2.1,0.073,25,60,3.29,0.75,10.9,6,2
1292,1292,5.9,0.395,0.13,2.4,0.056,14,28,3.62,0.67,12.4,6,2
1293,1293,7.5,0.755,0,1.9,0.084,6,12,3.34,0.49,9.7,4,1
1294,1294,8.2,0.635,0.1,2.1,0.073,25,60,3.29,0.75,10.9,6,2
1295,1295,6.6,0.63,0,4.3,0.093,51,77.5,3.2,0.45,9.5,5,2
1296,1296,6.6,0.63,0,4.3,0.093,51,77.5,3.2,0.45,9.5,5,2
1297,1297,7.2,0.53,0.14,2.1,0.064,15,29,3.35,0.61,12.1,6,2
1298,1298,5.7,0.6,0,1.4,0.063,11,18,3.45,0.56,12.2,6,2
1299,1299,7.6,1.58,0,2.1,0.137,5,9,3.5,0.4,10.9,3,1
1300,1300,5.2,0.645,0,2.15,0.08,15,28,3.78,0.61,12.5,6,2
1301,1301,6.7,0.86,0.07,2,0.1,20,57,3.6,0.74,11.7,6,2
1302,1302,9.1,0.37,0.32,2.1,0.064,4,15,3.3,0.8,11.2,6,2
1303,1303,8,0.28,0.44,1.8,0.081,28,68,3.36,0.66,11.2,5,2
1304,1304,7.6,0.79,0.21,2.3,0.087,21,68,3.12,0.44,9.2,5,2
1305,1305,7.5,0.61,0.26,1.9,0.073,24,88,3.3,0.53,9.8,5,2
1306,1306,9.7,0.69,0.32,2.5,0.088,22,91,3.29,0.62,10.1,5,2
1307,1307,6.8,0.68,0.09,3.9,0.068,15,29,3.41,0.52,11.1,4,1
1308,1308,9.7,0.69,0.32,2.5,0.088,22,91,3.29,0.62,10.1,5,2
1309,1309,7,0.62,0.1,1.4,0.071,27,63,3.28,0.61,9.2,5,2
1310,1310,7.5,0.61,0.26,1.9,0.073,24,88,3.3,0.53,9.8,5,2
1311,1311,6.5,0.51,0.15,3,0.064,12,27,3.33,0.59,12.8,6,2
1312,1312,8,1.18,0.21,1.9,0.083,14,41,3.34,0.47,10.5,5,2
1313,1313,7,0.36,0.21,2.3,0.086,20,65,3.4,0.54,10.1,6,2
1314,1314,7,0.36,0.21,2.4,0.086,24,69,3.4,0.53,10.1,6,2
1315,1315,7.5,0.63,0.27,2,0.083,17,91,3.26,0.58,9.8,6,2
1316,1316,5.4,0.74,0,1.2,0.041,16,46,4.01,0.59,12.5,6,2
1317,1317,9.9,0.44,0.46,2.2,0.091,10,41,3.18,0.69,11.9,6,2
1318,1318,7.5,0.63,0.27,2,0.083,17,91,3.26,0.58,9.8,6,2
1319,1319,9.1,0.76,0.68,1.7,0.414,18,64,2.9,1.33,9.1,6,2
1320,1320,9.7,0.66,0.34,2.6,0.094,12,88,3.26,0.66,10.1,5,2
1321,1321,5,0.74,0,1.2,0.041,16,46,4.01,0.59,12.5,6,2
1322,1322,9.1,0.34,0.42,1.8,0.058,9,18,3.18,0.55,11.4,5,2
1323,1323,9.1,0.36,0.39,1.8,0.06,21,55,3.18,0.82,11,7,3
1324,1324,6.7,0.46,0.24,1.7,0.077,18,34,3.39,0.6,10.6,6,2
1325,1325,6.7,0.46,0.24,1.7,0.077,18,34,3.39,0.6,10.6,6,2
1326,1326,6.7,0.46,0.24,1.7,0.077,18,34,3.39,0.6,10.6,6,2
1327,1327,6.7,0.46,0.24,1.7,0.077,18,34,3.39,0.6,10.6,6,2
1328,1328,6.5,0.52,0.11,1.8,0.073,13,38,3.34,0.52,9.3,5,2
1329,1329,7.4,0.6,0.26,2.1,0.083,17,91,3.29,0.56,9.8,6,2
1330,1330,7.4,0.6,0.26,2.1,0.083,17,91,3.29,0.56,9.8,6,2
1331,1331,7.8,0.87,0.26,3.8,0.107,31,67,3.26,0.46,9.2,5,2
1332,1332,8.4,0.39,0.1,1.7,0.075,6,25,3.09,0.43,9.7,6,2
1333,1333,9.1,0.775,0.22,2.2,0.079,12,48,3.18,0.51,9.6,5,2
1334,1334,7.2,0.835,0,2,0.166,4,11,3.39,0.52,10,5,2
1335,1335,6.6,0.58,0.02,2.4,0.069,19,40,3.38,0.66,12.6,6,2
1336,1336,6,0.5,0,1.4,0.057,15,26,3.36,0.45,9.5,5,2
1337,1337,6,0.5,0,1.4,0.057,15,26,3.36,0.45,9.5,5,2
1338,1338,6,0.5,0,1.4,0.057,15,26,3.36,0.45,9.5,5,2
1339,1339,7.5,0.51,0.02,1.7,0.084,13,31,3.36,0.54,10.5,6,2
1340,1340,7.5,0.51,0.02,1.7,0.084,13,31,3.36,0.54,10.5,6,2
1341,1341,7.5,0.51,0.02,1.7,0.084,13,31,3.36,0.54,10.5,6,2
1342,1342,7.6,0.54,0.02,1.7,0.085,17,31,3.37,0.51,10.4,6,2
1343,1343,7.5,0.51,0.02,1.7,0.084,13,31,3.36,0.54,10.5,6,2
1344,1344,11.5,0.42,0.48,2.6,0.077,8,20,3.09,0.53,11,5,2
1345,1345,8.2,0.44,0.24,2.3,0.063,10,28,3.25,0.53,10.2,6,2
1346,1346,6.1,0.59,0.01,2.1,0.056,5,13,3.52,0.56,11.4,5,2
1347,1347,7.2,0.655,0.03,1.8,0.078,7,12,3.34,0.39,9.5,5,2
1348,1348,7.2,0.655,0.03,1.8,0.078,7,12,3.34,0.39,9.5,5,2
1349,1349,6.9,0.57,0,2.8,0.081,21,41,3.41,0.52,10.8,5,2
1350,1350,9,0.6,0.29,2,0.069,32,73,3.34,0.57,10,5,2
1351,1351,7.2,0.62,0.01,2.3,0.065,8,46,3.32,0.51,11.8,6,2
1352,1352,7.6,0.645,0.03,1.9,0.086,14,57,3.37,0.46,10.3,5,2
1353,1353,7.6,0.645,0.03,1.9,0.086,14,57,3.37,0.46,10.3,5,2
1354,1354,7.2,0.58,0.03,2.3,0.077,7,28,3.35,0.52,10,5,2
1355,1355,6.1,0.32,0.25,1.8,0.086,5,32,3.36,0.44,10.1,5,2
1356,1356,6.1,0.34,0.25,1.8,0.084,4,28,3.36,0.44,10.1,5,2
1357,1357,7.3,0.43,0.24,2.5,0.078,27,67,3.6,0.59,11.1,6,2
1358,1358,7.4,0.64,0.17,5.4,0.168,52,98,3.28,0.5,9.5,5,2
1359,1359,11.6,0.475,0.4,1.4,0.091,6,28,3.07,0.65,10.03333333,6,2
1360,1360,9.2,0.54,0.31,2.3,0.112,11,38,3.24,0.56,10.9,5,2
1361,1361,8.3,0.85,0.14,2.5,0.093,13,54,3.36,0.54,10.1,5,2
1362,1362,11.6,0.475,0.4,1.4,0.091,6,28,3.07,0.65,10.03333333,6,2
1363,1363,8,0.83,0.27,2,0.08,11,63,3.29,0.48,9.8,4,1
1364,1364,7.2,0.605,0.02,1.9,0.096,10,31,3.46,0.53,11.8,6,2
1365,1365,7.8,0.5,0.09,2.2,0.115,10,42,3.18,0.62,9.5,5,2
1366,1366,7.3,0.74,0.08,1.7,0.094,10,45,3.24,0.5,9.8,5,2
1367,1367,6.9,0.54,0.3,2.2,0.088,9,105,3.25,1.18,10.5,6,2
1368,1368,8,0.77,0.32,2.1,0.079,16,74,3.27,0.5,9.8,6,2
1369,1369,6.6,0.61,0,1.6,0.069,4,8,3.33,0.37,10.4,4,1
1370,1370,8.7,0.78,0.51,1.7,0.415,12,66,3,1.17,9.2,5,2
1371,1371,7.5,0.58,0.56,3.1,0.153,5,14,3.21,1.03,11.6,6,2
1372,1372,8.7,0.78,0.51,1.7,0.415,12,66,3,1.17,9.2,5,2
1373,1373,7.7,0.75,0.27,3.8,0.11,34,89,3.24,0.45,9.3,5,2
1374,1374,6.8,0.815,0,1.2,0.267,16,29,3.32,0.51,9.8,3,1
1375,1375,7.2,0.56,0.26,2,0.083,13,100,3.26,0.52,9.9,5,2
1376,1376,8.2,0.885,0.2,1.4,0.086,7,31,3.11,0.46,10,5,2
1377,1377,5.2,0.49,0.26,2.3,0.09,23,74,3.71,0.62,12.2,6,2
1378,1378,7.2,0.45,0.15,2,0.078,10,28,3.29,0.51,9.9,6,2
1379,1379,7.5,0.57,0.02,2.6,0.077,11,35,3.36,0.62,10.8,6,2
1380,1380,7.5,0.57,0.02,2.6,0.077,11,35,3.36,0.62,10.8,6,2
1381,1381,6.8,0.83,0.09,1.8,0.074,4,25,3.38,0.45,9.6,5,2
1382,1382,8,0.6,0.22,2.1,0.08,25,105,3.3,0.49,9.9,5,2
1383,1383,8,0.6,0.22,2.1,0.08,25,105,3.3,0.49,9.9,5,2
1384,1384,7.1,0.755,0.15,1.8,0.107,20,84,3.19,0.5,9.5,5,2
1385,1385,8,0.81,0.25,3.4,0.076,34,85,3.19,0.42,9.2,5,2
1386,1386,7.4,0.64,0.07,1.8,0.1,8,23,3.3,0.58,9.6,5,2
1387,1387,7.4,0.64,0.07,1.8,0.1,8,23,3.3,0.58,9.6,5,2
1388,1388,6.6,0.64,0.31,6.1,0.083,7,49,3.35,0.68,10.3,5,2
1389,1389,6.7,0.48,0.02,2.2,0.08,36,111,3.1,0.53,9.7,5,2
1390,1390,6,0.49,0,2.3,0.068,15,33,3.58,0.59,12.5,6,2
1391,1391,8,0.64,0.22,2.4,0.094,5,33,3.37,0.58,11,5,2
1392,1392,7.1,0.62,0.06,1.3,0.07,5,12,3.17,0.48,9.8,5,2
1393,1393,8,0.52,0.25,2,0.078,19,59,3.3,0.48,10.2,5,2
1394,1394,6.4,0.57,0.14,3.9,0.07,27,73,3.32,0.48,9.2,5,2
1395,1395,8.6,0.685,0.1,1.6,0.092,3,12,3.31,0.65,9.55,6,2
1396,1396,8.7,0.675,0.1,1.6,0.09,4,11,3.31,0.65,9.55,5,2
1397,1397,7.3,0.59,0.26,2,0.08,17,104,3.28,0.52,9.9,5,2
1398,1398,7,0.6,0.12,2.2,0.083,13,28,3.52,0.62,10.2,7,3
1399,1399,7.2,0.67,0,2.2,0.068,10,24,3.42,0.72,11.1,6,2
1400,1400,7.9,0.69,0.21,2.1,0.08,33,141,3.25,0.51,9.9,5,2
1401,1401,7.9,0.69,0.21,2.1,0.08,33,141,3.25,0.51,9.9,5,2
1402,1402,7.6,0.3,0.42,2,0.052,6,24,3.44,0.82,11.9,6,2
1403,1403,7.2,0.33,0.33,1.7,0.061,3,13,3.23,1.1,10,8,3
1404,1404,8,0.5,0.39,2.6,0.082,12,46,3.43,0.62,10.7,6,2
1405,1405,7.7,0.28,0.3,2,0.062,18,34,3.28,0.9,11.3,7,3
1406,1406,8.2,0.24,0.34,5.1,0.062,8,22,3.22,0.94,10.9,6,2
1407,1407,6,0.51,0,2.1,0.064,40,54,3.54,0.93,10.7,6,2
1408,1408,8.1,0.29,0.36,2.2,0.048,35,53,3.27,1.01,12.4,7,3
1409,1409,6,0.51,0,2.1,0.064,40,54,3.54,0.93,10.7,6,2
1410,1410,6.6,0.96,0,1.8,0.082,5,16,3.5,0.44,11.9,6,2
1411,1411,6.4,0.47,0.4,2.4,0.071,8,19,3.56,0.73,10.6,6,2
1412,1412,8.2,0.24,0.34,5.1,0.062,8,22,3.22,0.94,10.9,6,2
1413,1413,9.9,0.57,0.25,2,0.104,12,89,3.04,0.9,10.1,5,2
1414,1414,10,0.32,0.59,2.2,0.077,3,15,3.2,0.78,9.6,5,2
1415,1415,6.2,0.58,0,1.6,0.065,8,18,3.56,0.84,9.4,5,2
1416,1416,10,0.32,0.59,2.2,0.077,3,15,3.2,0.78,9.6,5,2
1417,1417,7.3,0.34,0.33,2.5,0.064,21,37,3.35,0.77,12.1,7,3
1418,1418,7.8,0.53,0.01,1.6,0.077,3,19,3.16,0.46,9.8,5,2
1419,1419,7.7,0.64,0.21,2.2,0.077,32,133,3.27,0.45,9.9,5,2
1420,1420,7.8,0.53,0.01,1.6,0.077,3,19,3.16,0.46,9.8,5,2
1421,1421,7.5,0.4,0.18,1.6,0.079,24,58,3.34,0.58,9.4,5,2
1422,1422,7,0.54,0,2.1,0.079,39,55,3.39,0.84,11.4,6,2
1423,1423,6.4,0.53,0.09,3.9,0.123,14,31,3.5,0.67,11,4,1
1424,1424,8.3,0.26,0.37,1.4,0.076,8,23,3.26,0.7,9.6,6,2
1425,1425,8.3,0.26,0.37,1.4,0.076,8,23,3.26,0.7,9.6,6,2
1426,1426,7.7,0.23,0.37,1.8,0.046,23,60,3.41,0.71,12.1,6,2
1427,1427,7.6,0.41,0.33,2.5,0.078,6,23,3.3,0.58,11.2,5,2
1428,1428,7.8,0.64,0,1.9,0.072,27,55,3.31,0.63,11,5,2
1429,1429,7.9,0.18,0.4,2.2,0.049,38,67,3.33,0.93,11.3,5,2
1430,1430,7.4,0.41,0.24,1.8,0.066,18,47,3.37,0.62,10.4,5,2
1431,1431,7.6,0.43,0.31,2.1,0.069,13,74,3.26,0.54,9.9,6,2
1432,1432,5.9,0.44,0,1.6,0.042,3,11,3.48,0.85,11.7,6,2
1433,1433,6.1,0.4,0.16,1.8,0.069,11,25,3.42,0.74,10.1,7,3
1434,1434,10.2,0.54,0.37,15.4,0.214,55,95,3.18,0.77,9,6,2
1435,1435,10.2,0.54,0.37,15.4,0.214,55,95,3.18,0.77,9,6,2
1436,1436,10,0.38,0.38,1.6,0.169,27,90,3.15,0.65,8.5,5,2
1437,1437,6.8,0.915,0.29,4.8,0.07,15,39,3.53,0.54,11.1,5,2
1438,1438,7,0.59,0,1.7,0.052,3,8,3.41,0.47,10.3,5,2
1439,1439,7.3,0.67,0.02,2.2,0.072,31,92,3.32,0.68,11.06666667,6,2
1440,1440,7.2,0.37,0.32,2,0.062,15,28,3.23,0.73,11.3,7,3
1441,1441,7.4,0.785,0.19,5.2,0.094,19,98,3.16,0.52,9.566666667,6,2
1442,1442,6.9,0.63,0.02,1.9,0.078,18,30,3.4,0.75,9.8,5,2
1443,1443,6.9,0.58,0.2,1.75,0.058,8,22,3.38,0.49,11.7,5,2
1444,1444,7.3,0.67,0.02,2.2,0.072,31,92,3.32,0.68,11.1,6,2
1445,1445,7.4,0.785,0.19,5.2,0.094,19,98,3.16,0.52,9.6,6,2
1446,1446,6.9,0.63,0.02,1.9,0.078,18,30,3.4,0.75,9.8,5,2
1447,1447,6.8,0.67,0,1.9,0.08,22,39,3.4,0.74,9.7,5,2
1448,1448,6.9,0.58,0.01,1.9,0.08,40,54,3.4,0.73,9.7,5,2
1449,1449,7.2,0.38,0.31,2,0.056,15,29,3.23,0.76,11.3,8,3
1450,1450,7.2,0.37,0.32,2,0.062,15,28,3.23,0.73,11.3,7,3
1451,1451,7.8,0.32,0.44,2.7,0.104,8,17,3.33,0.78,11,7,3
1452,1452,6.6,0.58,0.02,2,0.062,37,53,3.35,0.76,11.6,7,3
1453,1453,7.6,0.49,0.33,1.9,0.074,27,85,3.41,0.58,9,5,2
1454,1454,11.7,0.45,0.63,2.2,0.073,7,23,3.21,0.69,10.9,6,2
1455,1455,6.5,0.9,0,1.6,0.052,9,17,3.5,0.63,10.9,6,2
1456,1456,6,0.54,0.06,1.8,0.05,38,89,3.3,0.5,10.55,6,2
1457,1457,7.6,0.49,0.33,1.9,0.074,27,85,3.41,0.58,9,5,2
1458,1458,8.4,0.29,0.4,1.7,0.067,8,20,3.39,0.6,10.5,5,2
1459,1459,7.9,0.2,0.35,1.7,0.054,7,15,3.32,0.8,11.9,7,3
1460,1460,6.4,0.42,0.09,2.3,0.054,34,64,3.41,0.68,10.4,6,2
1461,1461,6.2,0.785,0,2.1,0.06,6,13,3.59,0.61,10,4,1
1462,1462,6.8,0.64,0.03,2.3,0.075,14,31,3.36,0.58,10.4,6,2
1463,1463,6.9,0.63,0.01,2.4,0.076,14,39,3.34,0.53,10.8,6,2
1464,1464,6.8,0.59,0.1,1.7,0.063,34,53,3.41,0.67,9.7,5,2
1465,1465,6.8,0.59,0.1,1.7,0.063,34,53,3.41,0.67,9.7,5,2
1466,1466,7.3,0.48,0.32,2.1,0.062,31,54,3.3,0.65,10,7,3
1467,1467,6.7,1.04,0.08,2.3,0.067,19,32,3.52,0.57,11,4,1
1468,1468,7.3,0.48,0.32,2.1,0.062,31,54,3.3,0.65,10,7,3
1469,1469,7.3,0.98,0.05,2.1,0.061,20,49,3.31,0.55,9.7,3,1
1470,1470,10,0.69,0.11,1.4,0.084,8,24,2.88,0.47,9.7,5,2
1471,1471,6.7,0.7,0.08,3.75,0.067,8,16,3.43,0.52,12.6,5,2
1472,1472,7.6,0.35,0.6,2.6,0.073,23,44,3.38,0.79,11.1,6,2
1473,1473,6.1,0.6,0.08,1.8,0.071,14,45,3.38,0.54,11,5,2
1474,1474,9.9,0.5,0.5,13.8,0.205,48,82,3.16,0.75,8.8,5,2
1475,1475,5.3,0.47,0.11,2.2,0.048,16,89,3.54,0.88,13.56666667,7,3
1476,1476,9.9,0.5,0.5,13.8,0.205,48,82,3.16,0.75,8.8,5,2
1477,1477,5.3,0.47,0.11,2.2,0.048,16,89,3.54,0.88,13.6,7,3
1478,1478,7.1,0.875,0.05,5.7,0.082,3,14,3.4,0.52,10.2,3,1
1479,1479,8.2,0.28,0.6,3,0.104,10,22,3.39,0.68,10.6,5,2
1480,1480,5.6,0.62,0.03,1.5,0.08,6,13,3.66,0.62,10.1,4,1
1481,1481,8.2,0.28,0.6,3,0.104,10,22,3.39,0.68,10.6,5,2
1482,1482,7.2,0.58,0.54,2.1,0.114,3,9,3.33,0.57,10.3,4,1
1483,1483,8.1,0.33,0.44,1.5,0.042,6,12,3.35,0.61,10.7,5,2
1484,1484,6.8,0.91,0.06,2,0.06,4,11,3.53,0.64,10.9,4,1
1485,1485,7,0.655,0.16,2.1,0.074,8,25,3.37,0.55,9.7,5,2
1486,1486,6.8,0.68,0.21,2.1,0.07,9,23,3.38,0.6,10.3,5,2
1487,1487,6,0.64,0.05,1.9,0.066,9,17,3.52,0.78,10.6,5,2
1488,1488,5.6,0.54,0.04,1.7,0.049,5,13,3.72,0.58,11.4,5,2
1489,1489,6.2,0.57,0.1,2.1,0.048,4,11,3.44,0.76,10.8,6,2
1490,1490,7.1,0.22,0.49,1.8,0.039,8,18,3.39,0.56,12.4,6,2
1491,1491,5.6,0.54,0.04,1.7,0.049,5,13,3.72,0.58,11.4,5,2
1492,1492,6.2,0.65,0.06,1.6,0.05,6,18,3.57,0.54,11.95,5,2
1493,1493,7.7,0.54,0.26,1.9,0.089,23,147,3.26,0.59,9.7,5,2
1494,1494,6.4,0.31,0.09,1.4,0.066,15,28,3.42,0.7,10,7,3
1495,1495,7,0.43,0.02,1.9,0.08,15,28,3.35,0.81,10.6,6,2
1496,1496,7.7,0.54,0.26,1.9,0.089,23,147,3.26,0.59,9.7,5,2
1497,1497,6.9,0.74,0.03,2.3,0.054,7,16,3.45,0.63,11.5,6,2
1498,1498,6.6,0.895,0.04,2.3,0.068,7,13,3.53,0.58,10.8,6,2
1499,1499,6.9,0.74,0.03,2.3,0.054,7,16,3.45,0.63,11.5,6,2
1500,1500,7.5,0.725,0.04,1.5,0.076,8,15,3.26,0.53,9.6,5,2
1501,1501,7.8,0.82,0.29,4.3,0.083,21,64,3.16,0.53,9.4,5,2
1502,1502,7.3,0.585,0.18,2.4,0.078,15,60,3.31,0.54,9.8,5,2
1503,1503,6.2,0.44,0.39,2.5,0.077,6,14,3.51,0.69,11,6,2
1504,1504,7.5,0.38,0.57,2.3,0.106,5,12,3.36,0.55,11.4,6,2
1505,1505,6.7,0.76,0.02,1.8,0.078,6,12,3.55,0.63,9.95,3,1
1506,1506,6.8,0.81,0.05,2,0.07,6,14,3.51,0.66,10.8,6,2
1507,1507,7.5,0.38,0.57,2.3,0.106,5,12,3.36,0.55,11.4,6,2
1508,1508,7.1,0.27,0.6,2.1,0.074,17,25,3.38,0.72,10.6,6,2
1509,1509,7.9,0.18,0.4,1.8,0.062,7,20,3.28,0.7,11.1,5,2
1510,1510,6.4,0.36,0.21,2.2,0.047,26,48,3.47,0.77,9.7,6,2
1511,1511,7.1,0.69,0.04,2.1,0.068,19,27,3.44,0.67,9.8,5,2
1512,1512,6.4,0.79,0.04,2.2,0.061,11,17,3.53,0.65,10.4,6,2
1513,1513,6.4,0.56,0.15,1.8,0.078,17,65,3.33,0.6,10.5,6,2
1514,1514,6.9,0.84,0.21,4.1,0.074,16,65,3.53,0.72,9.233333333,6,2
1515,1515,6.9,0.84,0.21,4.1,0.074,16,65,3.53,0.72,9.25,6,2
1516,1516,6.1,0.32,0.25,2.3,0.071,23,58,3.42,0.97,10.6,5,2
1517,1517,6.5,0.53,0.06,2,0.063,29,44,3.38,0.83,10.3,6,2
1518,1518,7.4,0.47,0.46,2.2,0.114,7,20,3.32,0.63,10.5,5,2
1519,1519,6.6,0.7,0.08,2.6,0.106,14,27,3.44,0.58,10.2,5,2
1520,1520,6.5,0.53,0.06,2,0.063,29,44,3.38,0.83,10.3,6,2
1521,1521,6.9,0.48,0.2,1.9,0.082,9,23,3.39,0.43,9.05,4,1
1522,1522,6.1,0.32,0.25,2.3,0.071,23,58,3.42,0.97,10.6,5,2
1523,1523,6.8,0.48,0.25,2,0.076,29,61,3.34,0.6,10.4,5,2
1524,1524,6,0.42,0.19,2,0.075,22,47,3.39,0.78,10,6,2
1525,1525,6.7,0.48,0.08,2.1,0.064,18,34,3.33,0.64,9.7,5,2
1526,1526,6.8,0.47,0.08,2.2,0.064,18,38,3.3,0.65,9.6,6,2
1527,1527,7.1,0.53,0.07,1.7,0.071,15,24,3.29,0.66,10.8,6,2
1528,1528,7.9,0.29,0.49,2.2,0.096,21,59,3.31,0.67,10.1,6,2
1529,1529,7.1,0.69,0.08,2.1,0.063,42,52,3.42,0.6,10.2,6,2
1530,1530,6.6,0.44,0.09,2.2,0.063,9,18,3.42,0.69,11.3,6,2
1531,1531,6.1,0.705,0.1,2.8,0.081,13,28,3.6,0.66,10.2,5,2
1532,1532,7.2,0.53,0.13,2,0.058,18,22,3.21,0.68,9.9,6,2
1533,1533,8,0.39,0.3,1.9,0.074,32,84,3.39,0.61,9,5,2
1534,1534,6.6,0.56,0.14,2.4,0.064,13,29,3.42,0.62,11.7,7,3
1535,1535,7,0.55,0.13,2.2,0.075,15,35,3.36,0.59,9.7,6,2
1536,1536,6.1,0.53,0.08,1.9,0.077,24,45,3.6,0.68,10.3,6,2
1537,1537,5.4,0.58,0.08,1.9,0.059,20,31,3.5,0.64,10.2,6,2
1538,1538,6.2,0.64,0.09,2.5,0.081,15,26,3.57,0.63,12,5,2
1539,1539,7.2,0.39,0.32,1.8,0.065,34,60,3.46,0.78,9.9,5,2
1540,1540,6.2,0.52,0.08,4.4,0.071,11,32,3.56,0.63,11.6,6,2
1541,1541,7.4,0.25,0.29,2.2,0.054,19,49,3.4,0.76,10.9,7,3
1542,1542,6.7,0.855,0.02,1.9,0.064,29,38,3.3,0.56,10.75,6,2
1543,1543,11.1,0.44,0.42,2.2,0.064,14,19,3.25,0.57,10.4,6,2
1544,1544,8.4,0.37,0.43,2.3,0.063,12,19,3.17,0.81,11.2,7,3
1545,1545,6.5,0.63,0.33,1.8,0.059,16,28,3.36,0.64,10.1,6,2
1546,1546,7,0.57,0.02,2,0.072,17,26,3.36,0.61,10.2,5,2
1547,1547,6.3,0.6,0.1,1.6,0.048,12,26,3.55,0.51,12.1,5,2
1548,1548,11.2,0.4,0.5,2,0.099,19,50,3.1,0.58,10.4,5,2
1549,1549,7.4,0.36,0.3,1.8,0.074,17,24,3.24,0.7,11.4,8,3
1550,1550,7.1,0.68,0,2.3,0.087,17,26,3.45,0.53,9.5,5,2
1551,1551,7.1,0.67,0,2.3,0.083,18,27,3.44,0.54,9.4,5,2
1552,1552,6.3,0.68,0.01,3.7,0.103,32,54,3.51,0.66,11.3,6,2
1553,1553,7.3,0.735,0,2.2,0.08,18,28,3.41,0.6,9.4,5,2
1554,1554,6.6,0.855,0.02,2.4,0.062,15,23,3.54,0.6,11,6,2
1555,1555,7,0.56,0.17,1.7,0.065,15,24,3.44,0.68,10.55,7,3
1556,1556,6.6,0.88,0.04,2.2,0.066,12,20,3.53,0.56,9.9,5,2
1557,1557,6.6,0.855,0.02,2.4,0.062,15,23,3.54,0.6,11,6,2
1558,1558,6.9,0.63,0.33,6.7,0.235,66,115,3.22,0.56,9.5,5,2
1559,1559,7.8,0.6,0.26,2,0.08,31,131,3.21,0.52,9.9,5,2
1560,1560,7.8,0.6,0.26,2,0.08,31,131,3.21,0.52,9.9,5,2
1561,1561,7.8,0.6,0.26,2,0.08,31,131,3.21,0.52,9.9,5,2
1562,1562,7.2,0.695,0.13,2,0.076,12,20,3.29,0.54,10.1,5,2
1563,1563,7.2,0.695,0.13,2,0.076,12,20,3.29,0.54,10.1,5,2
1564,1564,7.2,0.695,0.13,2,0.076,12,20,3.29,0.54,10.1,5,2
1565,1565,6.7,0.67,0.02,1.9,0.061,26,42,3.39,0.82,10.9,6,2
1566,1566,6.7,0.16,0.64,2.1,0.059,24,52,3.34,0.71,11.2,6,2
1567,1567,7.2,0.695,0.13,2,0.076,12,20,3.29,0.54,10.1,5,2
1568,1568,7,0.56,0.13,1.6,0.077,25,42,3.34,0.59,9.2,5,2
1569,1569,6.2,0.51,0.14,1.9,0.056,15,34,3.48,0.57,11.5,6,2
1570,1570,6.4,0.36,0.53,2.2,0.23,19,35,3.37,0.93,12.4,6,2
1571,1571,6.4,0.38,0.14,2.2,0.038,15,25,3.44,0.65,11.1,6,2
1572,1572,7.3,0.69,0.32,2.2,0.069,35,104,3.33,0.51,9.5,5,2
1573,1573,6,0.58,0.2,2.4,0.075,15,50,3.58,0.67,12.5,6,2
1574,1574,5.6,0.31,0.78,13.9,0.074,23,92,3.39,0.48,10.5,6,2
1575,1575,7.5,0.52,0.4,2.2,0.06,12,20,3.26,0.64,11.8,6,2
1576,1576,8,0.3,0.63,1.6,0.081,16,29,3.3,0.78,10.8,6,2
1577,1577,6.2,0.7,0.15,5.1,0.076,13,27,3.54,0.6,11.9,6,2
1578,1578,6.8,0.67,0.15,1.8,0.118,13,20,3.42,0.67,11.3,6,2
1579,1579,6.2,0.56,0.09,1.7,0.053,24,32,3.54,0.6,11.3,5,2
1580,1580,7.4,0.35,0.33,2.4,0.068,9,26,3.36,0.6,11.9,6,2
1581,1581,6.2,0.56,0.09,1.7,0.053,24,32,3.54,0.6,11.3,5,2
1582,1582,6.1,0.715,0.1,2.6,0.053,13,27,3.57,0.5,11.9,5,2
1583,1583,6.2,0.46,0.29,2.1,0.074,32,98,3.33,0.62,9.8,5,2
1584,1584,6.7,0.32,0.44,2.4,0.061,24,34,3.29,0.8,11.6,7,3
1585,1585,7.2,0.39,0.44,2.6,0.066,22,48,3.3,0.84,11.5,6,2
1586,1586,7.5,0.31,0.41,2.4,0.065,34,60,3.34,0.85,11.4,6,2
1587,1587,5.8,0.61,0.11,1.8,0.066,18,28,3.55,0.66,10.9,6,2
1588,1588,7.2,0.66,0.33,2.5,0.068,34,102,3.27,0.78,12.8,6,2
1589,1589,6.6,0.725,0.2,7.8,0.073,29,79,3.29,0.54,9.2,5,2
1590,1590,6.3,0.55,0.15,1.8,0.077,26,35,3.32,0.82,11.6,6,2
1591,1591,5.4,0.74,0.09,1.7,0.089,16,26,3.67,0.56,11.6,6,2
1592,1592,6.3,0.51,0.13,2.3,0.076,29,40,3.42,0.75,11,6,2
1593,1593,6.8,0.62,0.08,1.9,0.068,28,38,3.42,0.82,9.5,6,2
1594,1594,6.2,0.6,0.08,2,0.09,32,44,3.45,0.58,10.5,5,2
1595,1595,5.9,0.55,0.1,2.2,0.062,39,51,3.52,0.76,11.2,6,2
1596,1596,6.3,0.51,0.13,2.3,0.076,29,40,3.42,0.75,11,6,2
1597,1597,5.9,0.645,0.12,2,0.075,32,44,3.57,0.71,10.2,5,2
1598,1598,6,0.31,0.47,3.6,0.067,18,42,3.39,0.66,11,6,2
